Rank,Year,Position,Name,Age,Wins,Losses,Winning_Percentage,Earned_Run_Average,Games_Played,Games_Started,Games_Finished,Complete_Games,Shutouts,Saves,Innings_Pitched,Hits_Allowed,Runs_Allowed,Earned_Runs,Home_Runs_Allowed,Walks_Allowed,Intentional_Walks_Allowed,Strikeouts,Hit_By_Pitch,Balks,Wild_Pitches,Batters_Faced,Adjusted_Earned_Run_Average,Fielding_Independent_Pitching,Walks_Hits_Per_Inning_Pitched,Hits_Per_Nine_Innings,Home_Runs_Per_Nine_Innings,Walks_Per_Nine_Innings,Strikeouts_Per_Nine_Innings,Strikeout_Walk_Ratio
1,2024,SP,Brandon Pfaadt,25,11,10,0.524,4.71,32,32,0,0,0,0,181.2,183,103,95,24,42,1,185,4,0,1,760,89,3.61,1.239,9.1,1.2,2.1,9.2,4.4
2,2024,SP,Ryne Nelson,26,10,6,0.625,4.24,28,25,1,0,0,1,150.2,155,73,71,17,34,2,126,5,0,4,630,99,3.74,1.254,9.3,1,2,7.5,3.71
3,2024,SP,Zac Gallen,28,14,6,0.7,3.65,28,28,0,0,0,0,148,133,62,60,13,54,0,156,4,0,5,621,115,3.38,1.264,8.1,0.8,3.3,9.5,2.89
4,2024,SP,Jordan Montgomery,31,8,7,0.533,6.23,25,21,3,0,0,1,117,149,83,81,14,44,3,83,2,0,7,532,67,4.48,1.65,11.5,1.1,3.4,6.4,1.89
5,2024,SP,Slade Cecconi,25,2,7,0.222,6.66,20,13,2,0,0,0,77,92,57,57,16,17,1,64,4,1,2,338,63,5.02,1.416,10.8,1.9,2,7.5,3.76
6,2024,SP,Merrill Kelly,35,5,1,0.833,4.03,13,13,0,0,0,0,73.2,67,35,33,11,19,0,63,2,2,1,300,104,4.25,1.167,8.2,1.3,2.3,7.7,3.32
7,2024,CL,Paul Sewald,34,1,2,0.333,4.31,42,0,34,0,0,16,39.2,35,19,19,6,10,1,43,3,0,0,165,98,3.95,1.134,7.9,1.4,2.3,9.8,4.3
8,2024,RP,Justin Martínez,22,5,6,0.455,2.48,64,0,28,0,0,8,72.2,59,26,20,2,36,6,91,2,1,8,308,170,2.59,1.307,7.3,0.2,4.5,11.3,2.53
9,2024,RP,Kevin Ginkel,30,8,3,0.727,3.21,72,0,16,0,0,5,70,69,31,25,6,15,0,77,3,0,4,291,131,2.85,1.2,8.9,0.8,1.9,9.9,5.13
10,2024,RP,Ryan Thompson,32,7,5,0.583,3.26,67,0,4,0,0,2,66.1,64,26,24,5,15,2,52,1,0,2,272,129,3.3,1.191,8.7,0.7,2,7.1,3.47
11,2024,RP,Joe Mantiply,33,6,2,0.75,3.92,75,2,8,0,0,1,59.2,52,27,26,1,18,7,53,0,1,3,243,107,2.51,1.173,7.8,0.2,2.7,8,2.94
12,2024,P,Bryce Jarvis,26,1,2,0.333,3.19,44,0,17,0,0,0,59.1,52,25,21,6,33,4,38,5,0,4,258,132,5.12,1.433,7.9,0.9,5,5.8,1.15
13,2024,P,Eduardo Rodríguez,31,3,4,0.429,5.04,10,10,0,0,0,0,50,56,29,28,8,19,1,47,1,0,0,224,84,4.57,1.5,10.1,1.4,3.4,8.5,2.47
14,2024,P,Tommy Henry,26,2,3,0.4,7.04,9,7,1,0,0,0,38.1,49,31,30,9,18,0,30,4,0,0,182,60,6.37,1.748,11.5,2.1,4.2,7,1.67
15,2024,P,Scott McGough,34,1,3,0.25,7.44,26,2,7,0,0,0,32.2,34,30,27,6,21,0,25,1,1,1,150,57,6.04,1.684,9.4,1.7,5.8,6.9,1.19
16,2024,P,Yilber Díaz,23,1,1,0.5,3.81,7,4,1,0,0,0,28.1,27,13,12,3,12,0,19,0,0,1,119,111,4.47,1.376,8.6,1,3.8,6,1.58
17,2024,P,Logan Allen,27,0,1,0,5.46,12,0,4,0,0,1,28,32,17,17,3,10,0,21,2,0,0,128,77,4.34,1.5,10.3,1,3.2,6.8,2.1
18,2024,P,A.J. Puk,29,0,1,0,1.32,30,0,5,0,0,2,27.1,15,4,4,2,5,2,43,1,0,0,103,322,1.63,0.732,4.9,0.7,1.6,14.2,8.6
19,2024,P,Blake Walston,23,1,0,1,4.42,7,2,3,0,0,0,18.1,16,12,9,4,10,0,18,3,0,0,83,96,6.17,1.418,7.9,2,4.9,8.8,1.8
20,2024,P,Brandon Hughes,28,0,0,0,8.15,15,2,4,0,0,0,17.2,24,16,16,8,10,0,21,2,0,1,89,52,8.71,1.925,12.2,4.1,5.1,10.7,2.1
21,2024,P,Dylan Floro,33,3,1,0.75,9.37,15,0,2,0,0,0,16.1,23,17,17,4,4,0,8,1,0,0,75,46,6.29,1.653,12.7,2.2,2.2,4.4,2
22,2024,P,Thyago Vieira,31,0,1,0,2.87,11,0,4,0,0,0,15.2,11,6,5,2,9,0,14,0,1,2,66,149,4.76,1.277,6.3,1.1,5.2,8,1.56
23,2024,P,Miguel Castro,29,0,0,0,5.93,11,0,2,0,0,0,13.2,20,9,9,3,3,0,8,1,0,0,64,72,5.73,1.683,13.2,2,2,5.3,2.67
24,2024,P,Kyle Nelson,27,0,0,0,4.22,11,0,4,0,0,0,10.2,8,5,5,2,4,1,8,0,0,0,42,102,5.23,1.125,6.8,1.7,3.4,6.8,2
25,2024,P,Humberto Castellanos,26,0,0,0,5.23,7,0,4,0,0,1,10.1,11,6,6,0,4,0,7,2,0,1,48,83,3.55,1.452,9.6,0,3.5,6.1,1.75
26,2024,P,Matt Bowman,33,0,0,0,8.1,4,0,1,0,0,0,6.2,8,6,6,1,2,0,4,0,0,0,31,54,4.82,1.5,10.8,1.4,2.7,5.4,2
27,2024,P,Luis Frías,26,0,1,0,9.95,7,0,4,0,0,0,6.1,11,8,7,1,4,0,7,0,0,1,31,44,4.9,2.368,15.6,1.4,5.7,9.9,1.75
28,2024,P,Cristian Mena,21,0,0,0,12,1,1,0,0,0,0,3,4,4,4,2,3,0,2,0,1,0,15,39,13.5,2.333,12,6,9,6,0.67
29,2024,P,Joe Jacques,29,0,0,0,13.5,1,0,0,0,0,0,1.1,3,2,2,1,1,0,0,0,0,0,7,39,15.17,3,20.3,6.8,6.8,0,0
30,2024,P,Andrew Saalfrank,26,0,0,0,36,2,0,1,0,0,0,1,2,4,4,0,4,1,0,0,0,1,8,16,15.17,6,18,0,36,0,0
31,2024,P,Pavin Smith,28,0,0,0,0,1,0,1,0,0,0,1,0,0,0,0,1,0,0,1,0,0,5,0,9.17,1,0,0,9,0,0
32,2024,P,Tucker Barnhart,33,0,0,0,18,1,0,1,0,0,0,1,4,2,2,1,0,0,0,0,0,0,7,32,16.17,4,36,9,0,0,0
1,2023,SP,Zac Gallen,27,17,9,0.654,3.47,34,34,0,1,1,0,210,188,87,81,22,47,0,220,5,1,8,846,125,3.26,1.119,8.1,0.9,2,9.4,4.68
2,2023,SP,Merrill Kelly,34,12,8,0.6,3.29,30,30,0,0,0,0,177.2,143,71,65,20,69,0,187,4,4,3,722,132,3.85,1.193,7.2,1,3.5,9.5,2.71
3,2023,SP,Ryne Nelson,25,8,8,0.5,5.31,29,27,1,0,0,0,144,159,87,85,24,46,0,96,1,1,6,619,82,5.07,1.424,9.9,1.5,2.9,6,2.09
4,2023,SP,Brandon Pfaadt,24,3,9,0.25,5.72,19,18,1,0,0,0,96,109,63,61,22,26,0,94,3,0,0,421,76,5.18,1.406,10.2,2.1,2.4,8.8,3.62
5,2023,SP,Tommy Henry,25,5,4,0.556,4.15,17,16,0,0,0,0,89,86,42,41,12,35,2,64,4,0,1,381,105,4.88,1.36,8.7,1.2,3.5,6.5,1.83
6,2023,SP,Zach Davies,30,2,5,0.286,7,18,18,0,0,0,0,82.1,98,67,64,10,39,0,72,2,0,0,377,62,4.58,1.664,10.7,1.1,4.3,7.9,1.85
7,2023,CL,Paul Sewald,33,0,1,0,3.57,20,0,16,0,0,13,17.2,16,8,7,3,10,0,20,1,0,0,80,124,5.07,1.472,8.2,1.5,5.1,10.2,2
8,2023,RP,Scott McGough,33,2,7,0.222,4.73,63,1,24,0,0,9,70.1,60,40,37,14,30,2,86,2,0,3,301,92,4.76,1.28,7.7,1.8,3.8,11,2.87
9,2023,RP,Kevin Ginkel,29,9,1,0.9,2.48,60,0,19,0,0,4,65.1,41,24,18,3,23,1,70,2,1,5,254,176,2.86,0.98,5.6,0.4,3.2,9.6,3.04
10,2023,RP,Miguel Castro,28,6,6,0.5,4.31,75,0,21,0,0,7,64.2,51,32,31,8,25,3,60,3,0,0,268,101,4.31,1.175,7.1,1.1,3.5,8.4,2.4
11,2023,RP,Kyle Nelson,26,7,4,0.636,4.18,68,2,8,0,0,0,56,59,30,26,12,14,1,67,1,0,1,239,105,4.45,1.304,9.5,1.9,2.3,10.8,4.79
12,2023,,Drey Jameson,25,3,1,0.75,3.32,15,3,3,0,0,1,40.2,40,15,15,6,18,0,37,1,0,0,174,132,4.76,1.426,8.9,1.3,4,8.2,2.06
13,2023,,José Ruiz,28,2,1,0.667,4.43,34,1,13,0,0,0,40.2,44,22,20,7,17,1,36,4,0,3,182,99,5.27,1.5,9.7,1.5,3.8,8,2.12
14,2023,,Joe Mantiply,32,2,2,0.5,4.62,35,3,9,0,0,0,39,35,22,20,4,9,1,28,0,0,1,157,95,3.84,1.128,8.1,0.9,2.1,6.5,3.11
15,2023,,Andrew Chafin,33,2,3,0.4,4.19,43,0,14,0,0,8,34.1,31,17,16,3,18,0,49,0,0,1,150,105,3.11,1.427,8.1,0.8,4.7,12.8,2.72
16,2023,,Luis Frías,25,1,0,1,4.06,29,0,7,0,0,0,31,30,14,14,3,17,0,26,2,0,1,139,108,4.67,1.516,8.7,0.9,4.9,7.5,1.53
17,2023,,Slade Cecconi,24,0,1,0,4.33,7,4,0,0,0,0,27,27,13,13,4,4,0,20,2,0,0,111,101,4.37,1.148,9,1.3,1.3,6.7,5
18,2023,,Bryce Jarvis,25,2,1,0.667,3.04,11,1,2,0,0,0,23.2,14,9,8,3,9,0,12,0,0,0,92,145,5.03,0.972,5.3,1.1,3.4,4.6,1.33
19,2023,,Austin Adams,32,0,1,0,5.71,24,0,1,0,0,0,17.1,16,12,11,1,8,0,22,5,0,2,81,78,3.72,1.385,8.3,0.5,4.2,11.4,2.75
20,2023,,Tyler Gilbert,29,0,2,0,5.19,11,0,1,0,0,0,17.1,21,10,10,2,5,0,19,0,0,1,72,85,3.43,1.5,10.9,1,2.6,9.9,3.8
21,2023,,Madison Bumgarner,33,0,3,0,10.26,4,4,0,0,0,0,16.2,25,20,19,4,15,0,10,1,0,0,90,43,8.06,2.4,13.5,2.2,8.1,5.4,0.67
22,2023,,Peter Solomon,26,0,0,0,12.15,5,0,2,0,0,0,13.1,17,18,18,2,11,0,6,1,0,1,67,37,7.01,2.1,11.5,1.4,7.4,4.1,0.55
23,2023,,Ryan Thompson,31,0,0,0,0.69,13,0,2,0,0,1,13,6,1,1,1,1,0,9,1,0,0,45,644,3.33,0.538,4.2,0.7,0.7,6.2,9
24,2023,,Andrew Saalfrank,25,0,0,0,0,10,0,0,0,0,0,10.1,7,2,0,0,4,1,6,0,0,0,41,0,3.26,1.065,6.1,0,3.5,5.2,1.5
25,2023,,Justin Martinez,21,0,0,0,12.6,10,0,4,0,0,1,10,13,14,14,2,11,1,14,2,0,1,57,36,6.96,2.4,11.7,1.8,9.9,12.6,1.27
26,2023,,Anthony Misiewicz,28,1,0,1,5.63,7,0,1,0,0,0,8,11,5,5,1,3,0,6,0,0,2,37,81,4.51,1.75,12.4,1.1,3.4,6.8,2
27,2023,,Cole Sulser,33,0,0,0,6.75,4,0,1,0,0,0,5.1,5,4,4,2,3,0,4,0,0,0,23,69,8.32,1.5,8.4,3.4,5.1,6.8,1.33
28,2023,,Carlos Vargas,23,0,0,0,5.79,5,0,3,0,0,0,4.2,5,3,3,2,4,0,7,1,0,0,22,81,9.04,1.929,9.6,3.9,7.7,13.5,1.75
29,2023,,Nabil Crismatt,28,0,1,0,0,1,0,1,0,0,0,2,2,1,0,0,0,0,3,0,1,0,8,0,0.26,1,9,0,0,13.5,0
30,2023,,Carson Kelly,28,0,0,0,9,2,0,2,0,0,0,2,5,2,2,0,1,0,0,0,0,0,12,57,4.76,3,22.5,0,4.5,0,0
31,2023,,José Herrera,26,0,0,0,9,2,0,2,0,0,0,2,4,2,2,0,0,0,0,0,0,0,10,57,3.26,2,18,0,0,0,0
32,2023,,Josh Rojas,29,0,0,0,18,2,0,2,0,0,0,2,6,4,4,0,1,0,1,0,0,0,13,28,3.76,3.5,27,0,4.5,4.5,1
33,2023,,Peter Strzelecki,28,0,0,0,0,1,0,0,0,0,0,1.1,1,0,0,0,2,0,0,0,0,0,7,0,7.76,2.25,6.8,0,13.5,0,0
34,2023,,Seby Zavala,29,0,0,0,0,1,0,1,0,0,0,0.2,0,0,0,0,0,0,0,0,0,0,2,0,3.26,0,0,0,0,0,0
1,2022,SP,Merrill Kelly,33,13,8,0.619,3.37,33,33,0,0,0,0,200.1,167,77,75,21,61,2,177,2,1,4,804,119,3.65,1.138,7.5,0.9,2.7,8,2.9
2,2022,SP,Zac Gallen,26,12,4,0.75,2.54,31,31,0,0,0,0,184,121,56,52,15,47,0,192,12,0,5,714,158,3.05,0.913,5.9,0.7,2.3,9.4,4.09
3,2022,SP,Madison Bumgarner,32,7,15,0.318,4.88,30,30,0,0,0,0,158.2,179,97,86,25,49,0,112,9,0,2,698,82,4.85,1.437,10.2,1.4,2.8,6.4,2.29
4,2022,SP,Zach Davies,29,2,5,0.286,4.09,27,27,0,0,0,0,134.1,122,66,61,21,52,0,102,2,0,1,570,98,4.83,1.295,8.2,1.4,3.5,6.8,1.96
5,2022,CL,Mark Melancon,37,3,10,0.231,4.66,62,0,48,0,0,18,56,63,37,29,5,21,2,35,1,0,6,247,87,4.2,1.5,10.1,0.8,3.4,5.6,1.67
6,2022,RP,Caleb Smith,30,1,3,0.25,4.11,44,1,14,0,0,0,70,57,35,32,14,39,1,65,1,0,1,302,98,5.57,1.371,7.3,1.8,5,8.4,1.67
7,2022,RP,Joe Mantiply,31,2,5,0.286,2.85,69,0,9,0,0,2,60,59,22,19,6,6,0,61,3,1,3,243,142,2.83,1.083,8.9,0.9,0.9,9.2,10.17
8,2022,RP,Ian Kennedy,37,4,7,0.364,5.36,57,0,21,0,0,10,50.1,57,33,30,11,22,3,44,1,0,3,232,75,5.58,1.57,10.2,2,3.9,7.9,2
9,2022,RP,Noé Ramirez,32,5,4,0.556,5.22,55,0,3,0,0,0,50,45,32,29,9,26,2,51,3,0,2,215,77,5.15,1.42,8.1,1.6,4.7,9.2,1.96
10,2022,,Tommy Henry,24,3,4,0.429,5.36,9,9,0,0,0,0,47,47,28,28,10,21,1,36,3,0,3,205,75,5.88,1.447,9,1.9,4,6.9,1.71
11,2022,,Humberto Castellanos,24,3,2,0.6,5.68,11,9,1,0,0,0,44.1,50,29,28,7,12,0,32,4,0,2,194,71,4.8,1.398,10.2,1.4,2.4,6.5,2.67
12,2022,,Kyle Nelson,25,2,1,0.667,2.19,43,1,4,0,0,0,37,26,10,9,1,14,0,30,3,0,1,151,185,3.22,1.081,6.3,0.2,3.4,7.3,2.14
13,2022,,Tyler Gilbert,28,0,3,0,5.24,8,7,1,0,0,0,34.1,33,21,20,8,10,1,20,1,0,0,146,77,5.94,1.252,8.7,2.1,2.6,5.2,2
14,2022,,Kevin Ginkel,28,1,1,0.5,3.38,30,0,3,0,0,1,29.1,27,14,11,1,11,0,30,1,0,1,124,120,2.74,1.295,8.3,0.3,3.4,9.2,2.73
15,2022,,J.B. Wendelken,29,2,1,0.667,5.28,29,0,6,0,0,0,29,25,18,17,4,14,0,21,1,0,1,122,77,5.01,1.345,7.8,1.2,4.3,6.5,1.5
16,2022,,Sean Poppen,28,2,2,0.5,4.4,29,0,6,0,0,0,28.2,27,15,14,5,12,3,22,1,0,2,120,93,5.21,1.36,8.5,1.6,3.8,6.9,1.83
17,2022,,Drey Jameson,24,3,0,1,1.48,4,4,0,0,0,0,24.1,20,4,4,2,7,0,24,1,0,1,98,276,3.19,1.11,7.4,0.7,2.6,8.9,3.43
18,2022,,Corbin Martin,26,0,1,0,4.84,7,2,1,0,0,0,22.1,25,14,12,3,12,0,21,0,0,2,101,84,4.59,1.657,10.1,1.2,4.8,8.5,1.75
19,2022,,Dallas Keuchel,34,0,2,0,9.64,4,4,0,0,0,0,18.2,27,22,20,4,7,0,18,0,0,0,89,42,5.09,1.821,13,1.9,3.4,8.7,2.57
20,2022,,Ryne Nelson,24,1,1,0.5,1.47,3,3,0,0,0,0,18.1,9,4,3,2,6,1,16,0,0,0,69,278,3.77,0.818,4.4,1,2.9,7.9,2.67
21,2022,,Taylor Widener,27,0,1,0,3.63,14,0,4,0,0,0,17.1,22,8,7,2,5,1,14,3,0,0,82,113,4.38,1.558,11.4,1,2.6,7.3,2.8
22,2022,,Keynan Middleton,28,1,2,0.333,5.29,18,0,2,0,0,0,17,16,13,10,5,3,0,15,1,0,1,69,78,5.88,1.118,8.5,2.6,1.6,7.9,5
23,2022,,Luis Frías,24,1,1,0.5,10.59,15,0,6,0,0,0,17,23,20,20,1,17,0,14,1,1,4,90,39,5.41,2.353,12.2,0.5,9,7.4,0.82
24,2022,,Edwin Uceta,24,0,0,0,5.82,10,0,5,0,0,0,17,14,12,11,2,7,0,13,1,0,1,73,70,4.52,1.235,7.4,1.1,3.7,6.9,1.86
25,2022,,Luke Weaver,28,1,1,0.5,7.71,12,1,4,0,0,0,16.1,24,14,14,1,5,0,19,1,0,0,79,53,2.68,1.776,13.2,0.6,2.8,10.5,3.8
26,2022,,Reyes Moronta,29,2,2,0.5,4.5,17,0,8,0,0,2,14,13,9,7,0,8,1,11,0,0,4,63,92,3.25,1.5,8.4,0,5.1,7.1,1.38
27,2022,,Chris Devenski,31,2,1,0.667,7.59,10,0,0,0,0,0,10.2,14,9,9,2,1,0,9,1,0,0,48,55,4.42,1.406,11.8,1.7,0.8,7.6,9
28,2022,,Tyler Holton,26,0,0,0,3,10,0,5,0,0,0,9,8,3,3,1,2,0,6,1,0,1,39,139,4.22,1.111,8,1,2,6,3
29,2022,,Carson Kelly,27,0,0,0,7.71,4,0,4,0,0,0,4.2,9,4,4,1,2,0,0,0,0,0,24,56,7.18,2.357,17.4,1.9,3.9,0,0
30,2022,,Oliver Pérez,40,1,1,0.5,15.75,7,0,1,0,0,0,4,8,9,7,1,1,0,1,1,0,0,24,28,7.36,2.25,18,2.3,2.3,2.3,1
31,2022,,Matt Peacock,28,0,0,0,6.75,2,0,2,0,0,0,2.2,3,2,2,1,2,0,2,0,0,0,13,68,8.74,1.875,10.1,3.4,6.8,6.8,1
32,2022,,Jake Hager,29,0,0,0,7.71,3,0,3,0,0,0,2.1,3,2,2,0,0,0,1,0,0,0,10,61,2.25,1.286,11.6,0,0,3.9,0
33,2022,,Paul Fry,29,0,0,0,9,1,0,1,0,0,0,1,2,1,1,0,2,0,2,0,0,0,7,62,5.11,4,18,0,18,18,1
1,2021,SP,Merrill Kelly,32,7,11,0.389,4.44,27,27,0,0,0,0,158,163,82,78,21,41,3,130,4,0,2,667,95,4.11,1.291,9.3,1.2,2.3,7.4,3.17
2,2021,SP,Madison Bumgarner,31,7,10,0.412,4.67,26,26,0,1,1,0,146.1,134,82,76,24,39,2,124,11,1,2,613,90,4.63,1.182,8.2,1.5,2.4,7.6,3.18
3,2021,SP,Zac Gallen,25,4,10,0.286,4.3,23,23,0,1,1,0,121.1,108,61,58,19,49,1,139,5,0,6,523,98,4.25,1.294,8,1.4,3.6,10.3,2.84
4,2021,SP,Taylor Widener,26,2,1,0.667,4.35,23,13,0,0,0,0,70.1,65,38,34,14,37,3,73,7,0,1,319,97,5.56,1.45,8.3,1.8,4.7,9.3,1.97
5,2021,SP,Luke Weaver,27,3,6,0.333,4.25,13,13,0,0,0,0,65.2,58,34,31,11,20,3,62,1,0,0,275,100,4.42,1.188,7.9,1.5,2.7,8.5,3.1
6,2021,CL,Joakim Soria,37,1,4,0.2,4.3,31,0,20,0,0,6,29.1,31,14,14,4,8,0,31,1,1,1,125,99,3.75,1.33,9.5,1.2,2.5,9.5,3.88
7,2021,RP,Caleb Smith,29,4,9,0.308,4.83,45,13,4,0,0,0,113.2,93,64,61,20,63,3,124,6,0,2,500,87,5.1,1.372,7.4,1.6,5,9.8,1.97
8,2021,RP,Taylor Clarke,28,1,3,0.25,4.98,43,0,10,0,0,0,43.1,52,28,24,4,14,2,39,0,0,2,194,85,3.54,1.523,10.8,0.8,2.9,8.1,2.79
9,2021,RP,Joe Mantiply,30,0,3,0,3.4,57,0,7,0,0,0,39.2,45,24,15,1,17,3,38,1,0,2,177,125,2.94,1.563,10.2,0.2,3.9,8.6,2.24
10,2021,RP,Noé Ramirez,31,0,2,0,2.76,36,0,6,0,0,1,32.2,18,12,10,2,11,0,29,3,0,2,132,154,3.48,0.888,5,0.6,3,8,2.64
11,2021,,Matt Peacock,27,5,7,0.417,4.9,35,8,12,0,0,0,86.1,107,55,47,13,28,5,50,1,1,2,386,86,4.98,1.564,11.2,1.4,2.9,5.2,1.79
12,2021,,Riley Smith,26,1,4,0.2,6.01,24,6,4,0,0,1,67.1,86,46,45,10,15,2,36,4,0,0,301,70,4.88,1.5,11.5,1.3,2,4.8,2.4
13,2021,,Humberto Castellanos,23,2,2,0.5,4.93,14,7,2,0,0,0,45.2,48,26,25,7,15,0,29,2,0,0,196,86,5.01,1.38,9.5,1.4,3,5.7,1.93
14,2021,,Alex Young,27,2,6,0.25,6.26,30,2,7,0,0,0,41.2,50,34,29,11,20,3,38,1,0,2,193,68,6.29,1.68,10.8,2.4,4.3,8.2,1.9
15,2021,,Tyler Gilbert,27,2,2,0.5,3.15,9,6,0,1,1,0,40,28,17,14,4,13,0,25,1,0,0,157,135,4.27,1.025,6.3,0.9,2.9,5.6,1.92
16,2021,,Jake Faria,27,0,0,0,5.51,23,3,6,0,0,0,32.2,39,21,20,5,13,0,32,2,1,3,154,77,4.58,1.592,10.7,1.4,3.6,8.8,2.46
17,2021,,Kevin Ginkel,27,0,1,0,6.35,32,0,9,0,0,0,28.1,30,24,20,7,14,0,31,2,0,3,129,67,5.89,1.553,9.5,2.2,4.4,9.8,2.21
18,2021,,Tyler Clippard,36,1,1,0.5,3.2,26,0,15,0,0,6,25.1,22,12,9,3,11,1,21,3,0,1,111,133,4.71,1.303,7.8,1.1,3.9,7.5,1.91
19,2021,,Stefan Crichton,29,0,4,0,7.33,31,0,11,0,0,4,23.1,33,22,19,3,12,3,17,4,1,3,117,58,5.44,1.929,12.7,1.2,4.6,6.6,1.42
20,2021,,Brett de Geus,23,3,2,0.6,6.56,28,0,9,0,0,0,23.1,31,22,17,3,12,1,15,2,0,3,111,65,5.36,1.843,12,1.2,4.6,5.8,1.25
21,2021,,Humberto Mejía,24,0,3,0,7.25,5,5,0,0,0,0,22.1,32,19,18,5,9,1,20,0,0,0,105,59,5.5,1.836,12.9,2,3.6,8.1,2.22
22,2021,,J.B. Wendelken,28,2,2,0.5,4.34,20,0,9,0,0,2,18.2,15,9,9,2,9,1,13,0,0,0,77,99,4.62,1.286,7.2,1,4.3,6.3,1.44
23,2021,,Sean Poppen,27,1,1,0.5,4.67,20,0,4,0,0,1,17.1,20,11,9,1,7,2,21,2,0,2,82,92,3.05,1.558,10.4,0.5,3.6,10.9,3
24,2021,,J.B. Bukauskas,24,2,2,0.5,7.79,21,0,4,0,0,0,17.1,24,19,15,4,7,1,14,0,0,0,81,55,5.77,1.788,12.5,2.1,3.6,7.3,2
25,2021,,Ryan Buchter,34,0,2,0,6.61,18,0,2,0,0,0,16.1,16,13,12,5,13,1,16,2,1,0,78,65,7.95,1.776,8.8,2.8,7.2,8.8,1.23
26,2021,,Corbin Martin,25,0,3,0,10.69,5,3,0,0,0,0,16,23,19,19,5,14,0,13,1,0,0,86,40,8.42,2.313,12.9,2.8,7.9,7.3,0.93
27,2021,,Seth Frankoff,32,0,2,0,9.2,4,3,1,0,0,0,14.2,20,15,15,4,9,0,11,2,0,3,74,47,7.47,1.977,12.3,2.5,5.5,6.8,1.22
28,2021,,Jon Duplantier,26,0,3,0,13.15,4,4,0,0,0,0,13,19,19,19,5,8,0,12,2,0,0,70,33,8.63,2.077,13.2,3.5,5.5,8.3,1.5
29,2021,,Yoan López,28,0,0,0,6.57,13,0,5,0,0,0,12.1,18,10,9,3,6,2,13,0,0,0,61,66,5.68,1.946,13.1,2.2,4.4,9.5,2.17
30,2021,,Chris Devenski,30,1,0,1,8.59,8,0,2,0,0,1,7.1,11,7,7,2,2,0,5,1,0,0,35,51,6.58,1.773,13.5,2.5,2.5,6.1,2.5
31,2021,,Miguel Aguilar,29,1,1,0.5,6.43,9,0,2,0,0,0,7,6,6,5,0,4,1,3,0,0,0,29,69,4.03,1.429,7.7,0,5.1,3.9,0.75
32,2021,,Brandyn Sittinger,27,0,1,0,7.71,5,0,0,0,0,0,4.2,5,4,4,3,2,0,1,1,0,0,21,59,13.03,1.5,9.6,5.8,3.9,1.9,0.5
33,2021,,Anthony Swarzak,35,0,1,0,9.64,6,0,1,0,0,0,4.2,7,5,5,1,1,0,4,0,1,0,21,47,4.88,1.714,13.5,1.9,1.9,7.7,4
34,2021,,Luis Frías,23,0,0,0,2.7,3,0,1,0,0,0,3.1,2,1,1,0,5,0,3,0,0,0,16,173,5.87,2.1,5.4,0,13.5,8.1,0.6
35,2021,,Keury Mella,27,0,0,0,32.4,2,0,1,0,0,0,1.2,8,6,6,2,2,0,2,0,0,0,15,16,19.97,6,43.2,10.8,10.8,10.8,1
36,2021,,Asdrúbal Cabrera,35,0,0,0,0,2,0,1,0,0,0,1.1,1,0,0,0,0,0,0,0,0,0,4,0,3.17,0.75,6.8,0,0,0,0
37,2021,,Jordan Weems,28,0,1,0,47.25,2,0,0,0,0,0,1.1,4,7,7,1,3,1,3,1,0,1,12,11,17.42,5.25,27,6.8,20.3,20.3,1
38,2021,,Wyatt Mathisen,27,0,0,0,0,1,0,1,0,0,0,1,1,0,0,0,0,0,0,0,0,0,4,0,3.17,1,9,0,0,0,0
39,2021,,David Peralta,33,0,0,0,27,1,0,1,0,0,0,1,4,3,3,1,0,0,1,1,0,0,9,21,17.17,4,36,9,0,9,0
40,2021,,Bryan Holaday,33,0,0,0,9,1,0,1,0,0,0,1,1,1,1,1,1,0,0,1,0,0,5,64,22.17,2,9,9,9,0,0
41,2021,,Josh Reddick,34,0,0,0,13.5,1,0,1,0,0,0,0.2,2,1,1,1,1,0,0,0,0,0,5,48,27.17,4.5,27,13.5,13.5,0,0
1,2020,SP,Zac Gallen,24,3,2,0.6,2.75,12,12,0,0,0,0,72,55,24,22,9,25,0,82,2,0,4,291,164,3.66,1.111,6.9,1.1,3.1,10.3,3.28
2,2020,SP,Luke Weaver,26,1,9,0.1,6.58,12,12,0,0,0,0,52,63,39,38,10,18,0,55,1,0,0,236,69,4.67,1.558,10.9,1.7,3.1,9.5,3.06
3,2020,SP,Madison Bumgarner,30,1,4,0.2,6.48,9,9,0,0,0,0,41.2,47,31,30,13,13,2,30,6,0,0,190,70,7.18,1.44,10.2,2.8,2.8,6.5,2.31
4,2020,SP,Merrill Kelly,31,3,2,0.6,2.59,5,5,0,0,0,0,31.1,26,9,9,5,5,1,29,1,0,0,125,175,3.99,0.989,7.5,1.4,1.4,8.3,5.8
5,2020,SP,Robbie Ray,28,1,4,0.2,7.84,7,7,0,0,0,0,31,31,27,27,9,31,1,43,1,0,6,154,58,7.29,2,9,2.6,9,12.5,1.39
6,2020,CL,Archie Bradley,27,1,0,1,4.22,10,0,9,0,0,6,10.2,13,5,5,0,3,0,12,1,0,0,45,110,2.07,1.5,11,0,2.5,10.1,4
7,2020,RP,Stefan Crichton,28,2,2,0.5,2.42,26,0,8,0,0,5,26,22,7,7,1,9,4,23,4,0,2,109,187,3.42,1.192,7.6,0.3,3.1,8,2.56
8,2020,RP,Junior Guerra,35,1,2,0.333,3.04,25,0,5,0,0,0,23.2,17,10,8,1,15,2,21,2,0,2,103,149,4.12,1.352,6.5,0.4,5.7,8,1.4
9,2020,RP,Héctor Rondón,32,1,0,1,7.65,23,0,5,0,0,0,20,25,18,17,6,11,2,23,1,0,3,97,60,6.59,1.8,11.3,2.7,5,10.4,2.09
10,2020,RP,Yoan López,27,0,1,0,5.95,20,0,7,0,0,0,19.2,21,15,13,4,9,2,16,0,1,0,87,77,5.58,1.525,9.6,1.8,4.1,7.3,1.78
11,2020,,Alex Young,26,2,4,0.333,5.44,15,7,0,0,0,0,46.1,51,30,28,11,14,0,39,1,0,1,204,83,5.57,1.403,9.9,2.1,2.7,7.6,2.79
12,2020,,Taylor Clarke,27,3,0,1,4.36,12,5,2,0,0,0,43.1,35,23,21,8,21,2,40,0,0,0,183,104,5.2,1.292,7.3,1.7,4.4,8.3,1.9
13,2020,,Taylor Widener,25,0,1,0,4.5,12,0,4,0,0,0,20,14,10,10,5,12,1,22,3,0,0,88,101,6.49,1.3,6.3,2.3,5.4,9.9,1.83
14,2020,,Riley Smith,25,2,0,1,1.47,6,0,5,0,0,0,18.1,15,3,3,1,5,0,18,0,0,0,70,310,2.75,1.091,7.4,0.5,2.5,8.8,3.6
15,2020,,Kevin Ginkel,26,0,2,0,6.75,19,0,2,0,0,1,16,21,13,12,3,13,2,18,0,0,4,79,68,5.82,2.125,11.8,1.7,7.3,10.1,1.38
16,2020,,Caleb Smith,28,0,0,0,2.45,4,3,0,0,0,0,11,5,3,3,2,6,0,12,0,0,0,45,188,5.01,1,4.1,1.6,4.9,9.8,2
17,2020,,Keury Mella,26,2,0,1,1.8,11,0,3,0,0,0,10,10,3,2,1,3,1,10,0,0,1,42,258,3.39,1.3,9,0.9,2.7,9,3.33
18,2020,,Travis Bergen,26,1,0,1,4.05,7,0,2,0,0,1,6.2,4,3,3,1,8,0,8,0,0,0,30,116,6.34,1.8,5.4,1.4,10.8,10.8,1
19,2020,,Andrew Chafin,30,1,1,0.5,8.1,11,0,1,0,0,0,6.2,9,6,6,1,4,0,10,0,0,0,33,58,3.94,1.95,12.2,1.4,5.4,13.5,2.5
20,2020,,Artie Lewicki,28,0,0,0,5.4,2,0,2,0,0,0,3.1,7,2,2,0,1,0,5,0,0,0,18,92,1.09,2.4,18.9,0,2.7,13.5,5
21,2020,,Joel Payamps,26,0,0,0,3,2,0,1,0,0,0,3,2,2,1,0,3,0,2,0,0,0,13,166,4.86,1.667,6,0,9,6,0.67
22,2020,,Joe Mantiply,29,0,0,0,15.43,4,0,1,0,0,0,2.1,3,4,4,0,4,0,2,0,0,0,15,33,6.62,3,11.6,0,15.4,7.7,0.5
23,2020,,Matt Grace,31,0,1,0,54,3,0,1,0,0,0,1,5,6,6,1,2,0,2,0,0,0,10,11,18.19,7,45,9,18,18,1
24,2020,,Silvino Bracho,27,0,0,0,18,1,0,0,0,0,0,1,2,2,2,1,0,0,1,0,0,0,5,33,14.19,2,18,9,0,9,0
25,2020,,Carson Kelly,25,0,0,0,0,1,0,1,0,0,0,1,1,0,0,0,0,0,0,0,0,0,4,0,3.19,1,9,0,0,0,0
26,2020,,Jeremy Beasley,24,0,0,0,0,1,0,1,0,0,0,0.1,2,0,0,0,0,0,1,0,0,0,3,0,-2.81,6,54,0,0,27,0
1,2019,SP,Merrill Kelly,30,13,14,0.481,4.42,32,32,0,0,0,0,183.1,184,95,90,29,57,4,158,2,0,4,777,101,4.51,1.315,9,1.4,2.8,7.8,2.77
2,2019,SP,Robbie Ray,27,12,8,0.6,4.34,33,33,0,0,0,0,174.1,150,91,84,30,84,5,235,5,0,7,747,103,4.29,1.342,7.7,1.5,4.3,12.1,2.8
3,2019,SP,Zack Greinke,35,10,4,0.714,2.9,23,23,0,0,0,0,146,117,48,47,15,21,2,135,3,0,1,562,154,3.19,0.945,7.2,0.9,1.3,8.3,6.43
4,2019,SP,Taylor Clarke,26,5,5,0.5,5.31,23,15,3,0,0,1,84.2,86,55,50,23,30,0,68,6,0,3,369,84,6.41,1.37,9.1,2.4,3.2,7.2,2.27
5,2019,SP,Alex Young,25,7,5,0.583,3.56,17,15,0,0,0,0,83.1,72,40,33,14,27,4,71,4,0,2,349,125,4.81,1.188,7.8,1.5,2.9,7.7,2.63
6,2019,SP,Luke Weaver,25,4,3,0.571,2.94,12,12,0,0,0,0,64.1,55,22,21,6,14,1,69,3,0,0,260,152,3.07,1.073,7.7,0.8,2,9.7,4.93
7,2019,CL,Archie Bradley,26,4,5,0.444,3.52,66,1,32,0,0,18,71.2,67,30,28,5,36,2,87,5,0,0,317,127,3.41,1.437,8.4,0.6,4.5,10.9,2.42
8,2019,RP,Matt Andriese,29,5,5,0.5,4.71,54,0,13,0,0,1,70.2,72,37,37,8,27,4,79,3,2,9,310,95,3.72,1.401,9.2,1,3.4,10.1,2.93
9,2019,RP,Yoan López,26,2,7,0.222,3.41,70,0,13,0,0,1,60.2,52,27,23,11,17,2,42,0,0,1,246,131,5.03,1.137,7.7,1.6,2.5,6.2,2.47
10,2019,RP,Yoshihisa Hirano,35,5,5,0.5,4.75,62,0,11,0,0,1,53,51,31,28,7,22,2,61,3,0,2,233,94,4.04,1.377,8.7,1.2,3.7,10.4,2.77
11,2019,RP,Andrew Chafin,29,2,2,0.5,3.76,77,0,6,0,0,0,52.2,52,23,22,6,18,0,68,2,0,2,225,119,3.25,1.329,8.9,1,3.1,11.6,3.78
12,2019,,Zack Godley,29,3,5,0.375,6.39,27,9,9,0,0,2,76,81,55,54,12,35,2,58,4,1,3,338,70,5.28,1.526,9.6,1.4,4.1,6.9,1.66
13,2019,,Mike Leake,31,3,3,0.5,4.35,10,10,0,0,0,0,60,74,36,29,15,8,1,27,6,0,0,259,103,6.26,1.367,11.1,2.3,1.2,4.1,3.38
14,2019,,T.J. McFarland,30,0,0,0,4.82,51,0,13,0,0,0,56,71,35,30,6,20,5,35,1,0,1,250,93,4.48,1.625,11.4,1,3.2,5.6,1.75
15,2019,,Zac Gallen,23,2,3,0.4,2.89,8,8,0,0,0,0,43.2,37,14,14,5,18,0,53,2,0,2,183,155,3.65,1.26,7.6,1,3.7,10.9,2.94
16,2019,,Jon Duplantier,24,1,1,0.5,4.42,15,3,5,0,0,1,36.2,39,18,18,2,18,1,34,5,0,2,163,101,3.95,1.555,9.6,0.5,4.4,8.3,1.89
17,2019,,Greg Holland,33,1,2,0.333,4.54,40,0,27,0,0,17,35.2,25,18,18,5,24,2,41,0,0,6,152,99,4.76,1.374,6.3,1.3,6.1,10.3,1.71
18,2019,,Stefan Crichton,27,1,0,1,3.56,28,0,9,0,0,0,30.1,23,12,12,3,8,1,33,2,0,1,123,126,3.31,1.022,6.8,0.9,2.4,9.8,4.13
19,2019,,Kevin Ginkel,25,3,0,1,1.48,25,0,4,0,0,2,24.1,15,7,4,2,9,0,28,0,0,2,96,304,3.09,0.986,5.5,0.7,3.3,10.4,3.11
20,2019,,Matt Koch,28,0,0,0,9.15,9,0,5,0,0,0,20.2,29,21,21,8,4,0,9,5,0,1,96,49,8.68,1.597,12.6,3.5,1.7,3.9,2.25
21,2019,,James Sherfy,27,1,0,1,5.89,17,0,4,0,0,1,18.1,23,12,12,4,5,0,22,1,1,0,83,77,4.63,1.527,11.3,2,2.5,10.8,4.4
22,2019,,Robby Scott,29,1,0,1,4.91,11,0,1,0,0,0,7.1,8,4,4,1,7,0,9,0,0,0,37,95,5.4,2.045,9.8,1.2,8.6,11,1.29
23,2019,,Joel Payamps,25,0,0,0,4.5,2,0,1,0,0,0,4,4,2,2,0,3,0,3,0,0,0,17,107,3.96,1.75,9,0,6.8,6.8,1
24,2019,,John Ryan Murphy,28,0,0,0,27,2,0,2,0,0,0,3,10,9,9,3,3,0,0,0,0,0,22,18,19.21,4.333,30,9,9,0,0
25,2019,,Alex Avila,32,0,0,0,4.5,2,0,2,0,0,0,2,2,1,1,0,1,0,1,0,0,0,8,116,3.71,1.5,9,0,4.5,4.5,1
26,2019,,Caleb Joseph,33,0,0,0,0,2,0,2,0,0,0,1.1,0,0,0,0,0,0,0,0,0,0,4,0,3.21,0,0,0,0,0,0
27,2019,,Taijuan Walker,26,0,0,0,0,1,1,0,0,0,0,1,1,0,0,0,0,0,1,0,0,0,4,0,1.21,1,9,0,0,9,0
1,2018,SP,Zack Greinke,34,15,11,0.577,3.21,33,33,0,0,0,0,207.2,181,77,74,28,43,3,199,6,0,4,839,131,3.7,1.079,7.8,1.2,1.9,8.6,4.63
2,2018,SP,Patrick Corbin,28,11,7,0.611,3.15,33,33,0,1,1,0,200,162,70,70,15,48,3,246,5,0,8,800,133,2.47,1.05,7.3,0.7,2.2,11.1,5.13
3,2018,SP,Zack Godley,28,15,11,0.577,4.74,33,32,0,0,0,0,178.1,177,103,94,16,81,2,185,12,1,17,791,89,3.82,1.447,8.9,0.8,4.1,9.3,2.28
4,2018,SP,Robbie Ray,26,6,2,0.75,3.93,24,24,0,0,0,0,123.2,97,55,54,19,70,3,165,5,0,5,526,107,4.31,1.35,7.1,1.4,5.1,12,2.36
5,2018,SP,Clay Buchholz,33,7,2,0.778,2.01,16,16,0,1,0,0,98.1,80,25,22,9,22,1,81,3,0,1,393,209,3.47,1.037,7.3,0.8,2,7.4,3.68
6,2018,SP,Matt Koch,27,5,5,0.5,4.15,19,14,4,0,0,0,86.2,88,43,40,19,22,1,50,6,0,3,360,101,5.83,1.269,9.1,2,2.3,5.2,2.27
7,2018,CL,Brad Boxberger,30,3,7,0.3,4.39,60,0,45,0,0,32,53.1,44,30,26,9,32,4,71,1,0,3,235,96,4.55,1.425,7.4,1.5,5.4,12,2.22
8,2018,RP,T.J. McFarland,29,2,2,0.5,2,47,0,21,0,0,1,72,64,18,16,4,22,3,42,0,0,2,292,211,3.63,1.194,8,0.5,2.8,5.3,1.91
9,2018,RP,Archie Bradley,25,4,5,0.444,3.64,76,0,8,0,0,3,71.2,62,30,29,9,20,1,75,4,1,2,296,116,3.7,1.144,7.8,1.1,2.5,9.4,3.75
10,2018,RP,Yoshihisa Hirano,34,4,3,0.571,2.44,75,0,10,0,0,3,66.1,49,22,18,6,23,4,59,2,1,6,262,173,3.69,1.085,6.6,0.8,3.1,8,2.57
11,2018,RP,Andrew Chafin,28,1,6,0.143,3.1,77,0,13,0,0,0,49.1,41,18,17,0,25,1,53,2,0,3,211,136,2.65,1.338,7.5,0,4.6,9.7,2.12
12,2018,,Fernando Salas,33,4,4,0.5,4.5,41,0,12,0,0,0,40,40,20,20,5,13,4,30,1,0,2,170,94,4.34,1.325,9,1.1,2.9,6.8,2.31
13,2018,,Jorge De La Rosa,37,0,2,0,4.63,42,0,7,0,0,0,35,37,19,18,6,19,3,27,1,2,2,158,91,5.56,1.6,9.5,1.5,4.9,6.9,1.42
14,2018,,Silvino Bracho,25,2,0,1,3.19,31,0,7,0,0,0,31,25,12,11,2,12,2,34,3,0,2,129,133,3.26,1.194,7.3,0.6,3.5,9.9,2.83
15,2018,,Brad Ziegler,38,1,1,0.5,3.74,29,0,1,0,0,0,21.2,22,9,9,1,8,2,13,0,0,0,92,114,3.67,1.385,9.1,0.4,3.3,5.4,1.63
16,2018,,Matt Andriese,28,0,3,0,9,14,1,7,0,0,0,19,29,19,19,8,7,2,19,0,0,0,89,47,7.74,1.895,13.7,3.8,3.3,9,2.71
17,2018,,James Sherfy,26,0,0,0,1.65,15,0,3,0,0,0,16.1,8,3,3,1,10,1,17,2,0,0,69,259,4.08,1.102,4.4,0.6,5.5,9.4,1.7
18,2018,,Shelby Miller,27,0,4,0,10.69,5,4,0,0,0,0,16,24,21,19,5,8,0,19,0,0,1,79,40,6.35,2,13.5,2.8,4.5,10.7,2.38
19,2018,,Jake Diekman,31,0,1,0,7.53,24,0,5,0,0,0,14.1,18,15,12,2,8,1,18,3,0,3,71,57,4.76,1.814,11.3,1.3,5,11.3,2.25
20,2018,,Taijuan Walker,25,0,0,0,3.46,3,3,0,0,0,0,13,15,5,5,1,5,0,9,0,0,0,56,124,3.93,1.538,10.4,0.7,3.5,6.2,1.8
21,2018,,Randall Delgado,28,2,0,1,4.76,10,0,1,0,0,0,11.1,11,6,6,3,6,2,5,0,0,2,51,91,7.31,1.5,8.7,2.4,4.8,4,0.83
22,2018,,Yoan López,25,0,0,0,3,10,0,5,0,0,0,9,7,3,3,2,1,0,11,0,0,0,35,145,3.94,0.889,7,2,1,11,11
23,2018,,Jake Barrett,26,0,1,0,5.14,7,0,5,0,0,0,7,8,4,4,1,2,0,6,0,0,1,30,86,4.16,1.429,10.3,1.3,2.6,7.7,3
24,2018,,Braden Shipley,26,0,0,0,7.2,3,0,2,0,0,0,5,4,4,4,0,2,0,3,1,0,0,21,62,3.76,1.2,7.2,0,3.6,5.4,1.5
25,2018,,Kris Medlen,32,0,1,0,15.75,1,1,0,0,0,0,4,9,7,7,0,4,0,4,0,0,2,25,29,4.16,3.25,20.3,0,9,9,1
26,2018,,Troy Scribner,26,0,1,0,4.91,1,1,0,0,0,0,3.2,4,2,2,0,6,0,4,0,0,0,21,94,5.89,2.727,9.8,0,14.7,9.8,0.67
27,2018,,Daniel Descalso,31,0,0,0,8.1,2,0,1,0,0,0,3.1,4,3,3,2,1,0,2,0,0,0,15,57,10.66,1.5,10.8,5.4,2.7,5.4,2
28,2018,,Joey Krehbiel,25,0,0,0,0,2,0,1,0,0,0,3,1,0,0,0,2,0,0,0,0,0,12,0,5.16,1,3,0,6,0,0
29,2018,,Alex Avila,31,0,0,0,0,1,0,1,0,0,0,2,1,0,0,0,0,0,0,0,0,0,7,0,3.16,0.5,4.5,0,0,0,0
30,2018,,Jeff Mathis,35,0,1,0,9,1,0,1,0,0,0,1,1,1,1,1,0,0,1,0,0,0,4,64,14.16,1,9,9,0,9,0
1,2017,SP,Zack Greinke,33,17,7,0.708,3.2,32,32,0,1,0,0,202.1,172,80,72,25,45,0,215,0,0,12,801,147,3.31,1.072,7.7,1.1,2,9.6,4.78
2,2017,SP,Patrick Corbin,27,14,13,0.519,4.03,33,32,0,0,0,0,189.2,208,97,85,26,61,8,178,3,0,10,826,116,4.08,1.418,9.9,1.2,2.9,8.4,2.92
3,2017,SP,Robbie Ray,25,15,5,0.75,2.89,28,28,0,1,1,0,162,116,57,52,23,71,3,218,5,0,8,665,163,3.72,1.154,6.4,1.3,3.9,12.1,3.07
4,2017,SP,Taijuan Walker,24,9,9,0.5,3.49,28,28,0,0,0,0,157.1,148,76,61,17,61,7,146,9,1,7,684,135,4.04,1.328,8.5,1,3.5,8.4,2.39
5,2017,SP,Zack Godley,27,8,9,0.471,3.37,26,25,1,0,0,0,155,124,61,58,15,53,2,165,5,0,13,627,139,3.41,1.142,7.2,0.9,3.1,9.6,3.11
6,2017,CL,Fernando Rodney,40,5,4,0.556,4.23,61,0,53,0,0,39,55.1,40,29,26,3,26,3,65,2,0,7,231,112,3.03,1.193,6.5,0.5,4.2,10.6,2.5
7,2017,RP,Archie Bradley,24,3,3,0.5,1.73,63,0,13,0,0,1,73,55,14,14,4,21,2,79,1,1,0,290,273,2.61,1.041,6.8,0.5,2.6,9.7,3.76
8,2017,RP,Jorge De La Rosa,36,3,1,0.75,4.21,65,0,8,0,0,0,51.1,46,24,24,7,21,4,45,3,0,5,219,112,4.58,1.305,8.1,1.2,3.7,7.9,2.14
9,2017,RP,Andrew Chafin,27,1,0,1,3.51,71,0,12,0,0,0,51.1,48,21,20,5,21,3,61,2,1,1,221,135,3.39,1.344,8.4,0.9,3.7,10.7,2.9
10,2017,RP,J.J. Hoover,29,3,1,0.75,3.92,52,0,8,0,0,0,41.1,47,20,18,7,26,1,54,1,0,1,197,121,4.71,1.766,10.2,1.5,5.7,11.8,2.08
11,2017,,Randall Delgado,27,1,2,0.333,3.59,26,5,5,0,0,1,62.2,60,31,25,6,14,0,60,0,0,1,259,131,3.16,1.181,8.6,0.9,2,8.6,4.29
12,2017,,T.J. McFarland,28,4,5,0.444,5.33,43,1,22,0,0,0,54,65,42,32,4,17,6,29,2,0,2,241,88,4.1,1.519,10.8,0.7,2.8,4.8,1.71
13,2017,,Jake Barrett,25,1,1,0.5,5,28,0,5,0,0,0,27,27,18,15,7,15,2,26,0,0,1,121,95,6.27,1.556,9,2.3,5,8.7,1.73
14,2017,,Tom Wilhelmsen,33,1,1,0.5,4.44,27,0,10,0,0,0,26.1,25,13,13,4,12,0,17,1,0,7,113,107,5.32,1.405,8.5,1.4,4.1,5.8,1.42
15,2017,,Anthony Banda,23,2,3,0.4,5.96,8,4,1,0,0,0,25.2,26,17,17,1,10,1,25,3,0,2,115,80,3.24,1.403,9.1,0.4,3.5,8.8,2.5
16,2017,,Braden Shipley,25,0,1,0,5.76,10,3,2,0,0,0,25,31,18,16,5,15,1,18,1,0,1,122,82,6.24,1.84,11.2,1.8,5.4,6.5,1.2
17,2017,,Shelby Miller,26,2,2,0.5,4.09,4,4,0,0,0,0,22,20,10,10,1,12,1,20,0,1,1,99,116,3.57,1.455,8.2,0.4,4.9,8.2,1.67
18,2017,,Silvino Bracho,24,0,0,0,5.66,21,0,10,0,0,0,20.2,18,14,13,5,7,0,25,0,0,1,87,84,4.9,1.21,7.8,2.2,3,10.9,3.57
19,2017,,David Hernandez,32,2,1,0.667,4.82,26,0,5,0,0,1,18.2,19,10,10,4,1,0,15,0,0,2,74,99,4.5,1.071,9.2,1.9,0.5,7.2,15
20,2017,,James Sherfy,25,2,0,1,0,11,0,2,0,0,1,10.2,5,0,0,0,2,0,9,0,0,0,37,0,2.03,0.656,4.2,0,1.7,7.6,4.5
21,2017,,Rubby De La Rosa,28,0,1,0,4.7,9,0,1,0,0,0,7.2,7,4,4,2,4,1,12,0,1,0,34,104,4.98,1.435,8.2,2.3,4.7,14.1,3
22,2017,,Daniel Descalso,30,0,0,0,0,2,0,2,0,0,0,2,0,0,0,0,0,0,0,0,0,0,6,0,3.16,0,0,0,0,0,0
23,2017,,Matt Koch,26,0,0,0,inf,1,0,0,0,0,0,0,2,3,3,0,1,0,0,0,0,0,3,6,0,0,0,0,0,0,0
1,2016,SP,Robbie Ray,24,8,15,0.348,4.9,32,32,0,0,0,0,174.1,185,105,95,24,71,4,218,6,0,8,776,91,3.76,1.468,9.6,1.2,3.7,11.3,3.07
2,2016,SP,Zack Greinke,32,13,7,0.65,4.37,26,26,0,1,1,0,158.2,161,80,77,23,41,3,134,0,0,1,667,102,4.12,1.273,9.1,1.3,2.3,7.6,3.27
3,2016,SP,Patrick Corbin,26,5,13,0.278,5.15,36,24,6,0,0,1,155.2,177,109,89,24,66,2,131,5,0,9,701,87,4.84,1.561,10.2,1.4,3.8,7.6,1.98
4,2016,SP,Archie Bradley,23,8,9,0.471,5.02,26,26,0,0,0,0,141.2,154,84,79,16,67,8,143,4,2,7,638,89,4.1,1.56,9.8,1,4.3,9.1,2.13
5,2016,SP,Shelby Miller,25,3,12,0.2,6.15,20,20,0,1,1,0,101,127,72,69,14,42,3,70,2,0,3,460,73,4.87,1.673,11.3,1.2,3.7,6.2,1.67
6,2016,SP,Braden Shipley,24,4,5,0.444,5.27,13,11,0,0,0,0,70,80,43,41,14,28,1,43,1,0,1,306,85,5.76,1.543,10.3,1.8,3.6,5.5,1.54
7,2016,CL,Brad Ziegler,36,2,3,0.4,2.82,36,0,30,0,0,18,38.1,41,13,12,1,15,5,27,2,0,0,165,160,3.41,1.461,9.6,0.2,3.5,6.3,1.8
8,2016,RP,Randall Delgado,26,5,2,0.714,4.44,79,0,14,0,0,0,75,77,39,37,8,36,3,68,2,0,7,337,101,4.24,1.507,9.2,1,4.3,8.2,1.89
9,2016,RP,Daniel Hudson,29,3,2,0.6,5.22,70,0,17,0,0,5,60.1,65,40,35,6,22,3,58,4,0,5,268,86,3.81,1.442,9.7,0.9,3.3,8.7,2.64
10,2016,RP,Jake Barrett,24,1,2,0.333,3.49,68,0,12,0,0,4,59.1,47,25,23,6,28,4,56,3,0,4,250,129,4.14,1.264,7.1,0.9,4.2,8.5,2
11,2016,RP,Enrique Burgos,25,1,2,0.333,5.66,43,0,16,0,0,1,41.1,38,27,26,5,23,5,43,1,1,5,178,79,4.38,1.476,8.3,1.1,5,9.4,1.87
12,2016,,Zack Godley,26,5,4,0.556,6.39,27,9,1,0,0,0,74.2,86,54,53,13,25,4,60,4,0,5,335,70,4.97,1.487,10.4,1.6,3,7.2,2.4
13,2016,,Rubby De La Rosa,27,4,5,0.444,4.26,13,10,1,0,0,0,50.2,43,26,24,8,20,1,54,4,1,2,222,105,4.49,1.243,7.6,1.4,3.6,9.6,2.7
14,2016,,Tyler Clippard,31,2,3,0.4,4.3,40,0,10,0,0,1,37.2,34,18,18,7,15,0,46,0,3,1,155,105,4.31,1.301,8.1,1.7,3.6,11,3.07
15,2016,,Dominic Leone,24,0,1,0,6.33,25,0,8,0,0,0,27,45,21,19,7,12,1,23,1,0,4,131,71,6.26,2.111,15,2.3,4,7.7,1.92
16,2016,,Silvino Bracho,23,0,2,0,7.3,26,0,11,0,0,0,24.2,31,22,20,7,10,1,17,3,0,3,119,62,7.04,1.662,11.3,2.6,3.6,6.2,1.7
17,2016,,Edwin Escobar,24,1,2,0.333,7.23,25,2,3,0,0,0,23.2,33,21,19,4,12,3,17,4,0,0,116,63,5.93,1.901,12.5,1.5,4.6,6.5,1.42
18,2016,,Andrew Chafin,26,0,1,0,6.75,32,0,1,0,0,0,22.2,22,18,17,1,11,1,28,1,0,2,98,67,2.84,1.456,8.7,0.4,4.4,11.1,2.55
19,2016,,Josh Collmenter,30,1,0,1,4.84,15,0,10,0,0,0,22.1,21,12,12,4,11,1,17,2,0,0,97,94,5.7,1.433,8.5,1.6,4.4,6.9,1.55
20,2016,,Matt Koch,25,1,1,0.5,2,7,2,4,0,0,1,18,9,4,4,1,4,0,10,2,0,0,69,227,3.76,0.722,4.5,0.5,2,5,2.5
21,2016,,Evan Marshall,26,0,1,0,8.8,15,0,8,0,0,0,15.1,28,18,15,2,8,2,9,1,0,1,79,52,5.43,2.348,16.4,1.2,4.7,5.3,1.13
22,2016,,Steve Hathaway,25,0,0,0,4.91,24,0,0,0,0,0,14.2,18,8,8,1,6,0,15,0,0,0,65,93,3.21,1.636,11,0.6,3.7,9.2,2.5
23,2016,,Zac Curtis,23,0,1,0,6.75,21,0,2,0,0,0,13.1,13,10,10,2,13,1,10,3,0,0,67,68,7.2,1.95,8.8,1.4,8.8,6.8,0.77
24,2016,,Tyler Wagner,25,1,0,1,1.8,3,0,0,0,0,0,10,9,3,2,0,2,0,7,0,0,0,40,257,2.35,1.1,8.1,0,1.8,6.3,3.5
25,2016,,Adam Loewen,32,1,0,1,15,8,0,3,0,0,0,6,7,10,10,1,6,0,3,1,0,1,31,31,7.81,2.167,10.5,1.5,9,4.5,0.5
26,2016,,Vicente Campos,23,0,0,0,3.18,1,0,0,0,0,0,5.2,4,3,2,2,2,0,4,0,0,0,24,149,7.38,1.059,6.4,3.2,3.2,6.4,2
27,2016,,Matt Buschmann,32,0,0,0,2.08,3,0,2,0,0,0,4.1,2,1,1,1,1,1,3,0,0,0,15,232,5.45,0.692,4.2,2.1,2.1,6.2,3
28,2016,,Keith Hessler,27,0,0,0,9,2,0,1,0,0,0,3,5,3,3,0,2,0,2,1,0,0,17,55,4.81,2.333,15,0,6,6,1
29,2016,,Kyle Drabek,28,0,0,0,4.5,1,0,0,0,0,0,2,1,1,1,0,4,0,2,0,0,0,11,116,7.15,2.5,4.5,0,18,9,0.5
1,2015,SP,Rubby De La Rosa,26,14,9,0.609,4.67,32,32,0,0,0,0,188.2,193,103,98,32,63,3,150,4,2,2,809,88,4.81,1.357,9.2,1.5,3,7.2,2.38
2,2015,SP,Chase Anderson,27,6,6,0.5,4.3,27,27,0,0,0,0,152.2,158,75,73,18,40,2,111,7,0,3,640,96,4.14,1.297,9.3,1.1,2.4,6.5,2.78
3,2015,SP,Jeremy Hellickson,28,9,12,0.429,4.62,27,27,0,0,0,0,146,151,79,75,22,43,3,121,6,0,5,636,89,4.44,1.329,9.3,1.4,2.7,7.5,2.81
4,2015,SP,Robbie Ray,23,5,12,0.294,3.52,23,23,0,0,0,0,127.2,121,56,50,9,49,3,119,8,0,2,545,117,3.53,1.332,8.5,0.6,3.5,8.4,2.43
5,2015,SP,Patrick Corbin,25,6,5,0.545,3.6,16,16,0,0,0,0,85,91,34,34,9,17,0,78,2,0,4,357,115,3.35,1.271,9.6,1,1.8,8.3,4.59
6,2015,CL,Brad Ziegler,35,0,3,0,1.85,66,0,46,0,0,30,68,48,17,14,3,17,3,36,1,0,2,263,223,3.44,0.956,6.4,0.4,2.3,4.8,2.12
7,2015,RP,Andrew Chafin,25,5,1,0.833,2.76,66,0,6,0,0,2,75,56,23,23,3,30,6,58,1,0,2,306,150,3.35,1.147,6.7,0.4,3.6,7,1.93
8,2015,RP,Randall Delgado,25,8,4,0.667,3.25,64,1,13,0,0,1,72,63,28,26,7,33,2,73,1,0,7,308,127,3.79,1.333,7.9,0.9,4.1,9.1,2.21
9,2015,RP,Daniel Hudson,28,4,3,0.571,3.86,64,1,13,0,0,4,67.2,64,34,29,7,25,2,71,0,0,5,290,107,3.49,1.315,8.5,0.9,3.3,9.4,2.84
10,2015,RP,Oliver Pérez,33,2,1,0.667,3.1,48,0,11,0,0,0,29,25,12,10,2,11,1,37,4,0,2,128,134,3.03,1.241,7.8,0.6,3.4,11.5,3.36
11,2015,,Josh Collmenter,29,4,6,0.4,3.79,44,12,19,1,1,1,121,129,53,51,18,24,2,63,1,0,1,499,109,4.65,1.264,9.6,1.3,1.8,4.7,2.63
12,2015,,Addison Reed,26,2,2,0.5,4.2,38,0,11,0,0,3,40.2,47,19,19,2,14,5,34,0,0,2,181,99,3.13,1.5,10.4,0.4,3.1,7.5,2.43
13,2015,,Zack Godley,25,5,1,0.833,3.19,9,6,1,0,0,0,36.2,29,13,13,4,17,1,34,3,0,2,150,130,4.33,1.255,7.1,1,4.2,8.3,2
14,2015,,Archie Bradley,22,2,3,0.4,5.8,8,8,0,0,0,0,35.2,36,23,23,3,22,1,23,2,0,0,161,72,4.96,1.626,9.1,0.8,5.6,5.8,1.05
15,2015,,David Hernandez,30,1,5,0.167,4.28,40,0,7,0,0,0,33.2,33,18,16,6,11,0,33,3,0,1,144,97,4.74,1.307,8.8,1.6,2.9,8.8,3
16,2015,,Allen Webster,25,1,1,0.5,5.81,9,5,1,0,0,0,31,32,28,20,10,20,1,17,2,0,1,142,72,8.36,1.677,9.3,2.9,5.8,4.9,0.85
17,2015,,Enrique Burgos,24,2,2,0.5,4.67,30,0,8,0,0,2,27,27,15,14,2,15,0,39,0,0,6,121,89,2.87,1.556,9,0.7,5,13,2.6
18,2015,,Jhoulys Chacín,27,2,1,0.667,3.38,5,4,0,0,0,0,26.2,24,11,10,4,10,0,21,0,0,0,111,123,4.63,1.275,8.1,1.4,3.4,7.1,2.1
19,2015,,JC Ramirez,26,1,1,0.5,4.11,12,0,4,0,0,0,15.1,15,7,7,1,4,2,11,0,0,1,63,102,3.33,1.239,8.8,0.6,2.3,6.5,2.75
20,2015,,Vidal Nuno III,27,0,1,0,1.88,3,0,1,0,0,0,14.1,10,3,3,1,5,1,19,0,1,0,58,224,2.44,1.047,6.3,0.6,3.1,11.9,3.8
21,2015,,Matt Reynolds,30,0,0,0,4.61,18,0,3,0,0,0,13.2,14,7,7,6,7,2,18,1,0,0,62,92,7.96,1.537,9.2,4,4.6,11.9,2.57
22,2015,,Evan Marshall,25,0,2,0,6.08,13,0,4,0,0,0,13.1,20,9,9,3,5,1,7,0,0,1,61,69,6.13,1.875,13.5,2,3.4,4.7,1.4
23,2015,,Silvino Bracho,22,0,0,0,1.46,13,0,3,0,0,1,12.1,9,2,2,2,4,1,17,1,0,1,50,290,3.7,1.054,6.6,1.5,2.9,12.4,4.25
24,2015,,Keith Hessler,26,0,1,0,8.03,18,0,1,0,0,0,12.1,16,11,11,4,4,1,12,0,0,1,57,53,6.38,1.622,11.7,2.9,2.9,8.8,3
25,2015,,A.J. Schugel,26,0,0,0,5,5,0,2,0,0,0,9,17,13,5,2,5,2,5,0,0,0,51,86,6.58,2.444,17,2,5,5,1
26,2015,,Matt Stites,25,0,0,0,12.46,11,0,6,0,0,0,8.2,14,14,12,1,5,0,6,0,0,0,44,34,4.98,2.192,14.5,1,5.2,6.2,1.2
27,2015,,Dominic Leone,23,0,1,0,14.73,3,0,1,0,0,0,3.2,8,6,6,1,0,0,2,1,0,0,20,31,6.41,2.182,19.6,2.5,0,4.9,0
1,2014,SP,Wade Miley,27,8,12,0.4,4.34,33,33,0,0,0,0,201.1,207,103,97,23,75,3,183,4,0,9,866,86,3.98,1.401,9.3,1,3.4,8.2,2.44
2,2014,SP,Josh Collmenter,28,11,9,0.55,3.46,33,28,2,1,1,1,179.1,163,75,69,18,39,2,115,4,0,2,719,108,3.87,1.126,8.2,0.9,2,5.8,2.95
3,2014,SP,Chase Anderson,26,9,7,0.563,4.01,21,21,0,0,0,0,114.1,117,56,51,16,40,2,105,2,0,4,486,93,4.22,1.373,9.2,1.3,3.1,8.3,2.63
4,2014,SP,Trevor Cahill,26,3,12,0.2,5.61,32,17,8,0,0,1,110.2,123,76,69,9,55,2,105,4,0,5,499,67,3.89,1.608,10,0.7,4.5,8.5,1.91
5,2014,SP,Brandon McCarthy,30,3,10,0.231,5.01,18,18,0,0,0,0,109.2,131,65,61,15,20,4,93,2,0,3,466,75,3.82,1.377,10.8,1.2,1.6,7.6,4.65
6,2014,SP,Bronson Arroyo,37,7,4,0.636,4.08,14,14,0,1,0,0,86,92,40,39,10,19,1,47,3,0,2,357,92,4.32,1.291,9.6,1,2,4.9,2.47
7,2014,CL,Addison Reed,25,1,7,0.125,4.25,62,0,55,0,0,32,59.1,57,31,28,11,15,2,69,1,0,3,252,89,4.03,1.213,8.6,1.7,2.3,10.5,4.6
8,2014,RP,Randall Delgado,24,4,4,0.5,4.87,47,4,6,0,0,0,77.2,71,44,42,6,35,2,86,3,0,5,339,77,3.39,1.365,8.2,0.7,4.1,10,2.46
9,2014,RP,Brad Ziegler,34,5,3,0.625,3.49,68,0,11,0,0,1,67,60,29,26,5,24,6,54,3,0,0,281,108,3.7,1.254,8.1,0.7,3.2,7.3,2.25
10,2014,RP,Oliver Pérez,32,3,4,0.429,2.91,68,0,11,0,0,0,58.2,50,25,19,5,24,2,76,7,3,3,256,129,3.23,1.261,7.7,0.8,3.7,11.7,3.17
11,2014,RP,Evan Marshall,24,4,4,0.5,2.74,57,0,11,0,0,0,49.1,50,17,15,3,17,3,54,2,0,3,210,138,2.89,1.358,9.1,0.5,3.1,9.9,3.18
12,2014,,Vidal Nuno III,26,0,7,0,3.76,14,14,0,0,0,0,83.2,71,37,35,10,20,0,69,4,0,1,340,100,3.9,1.088,7.6,1.1,2.2,7.4,3.45
13,2014,,Mike Bolsinger,26,1,6,0.143,5.5,10,9,0,0,0,0,52.1,66,36,32,7,17,1,48,0,1,0,238,68,4.01,1.586,11.4,1.2,2.9,8.3,2.82
14,2014,,Eury De La Rosa,24,2,0,1,2.95,25,0,12,0,0,0,36.2,37,12,12,2,14,4,32,3,1,1,158,128,3.49,1.391,9.1,0.5,3.4,7.9,2.29
15,2014,,Matt Stites,24,0,0,0,5.73,37,0,11,0,0,0,33,33,23,21,6,16,1,26,1,0,2,148,66,5.47,1.485,9,1.6,4.4,7.1,1.63
16,2014,,Will Harris,29,0,3,0,4.34,29,0,8,0,0,0,29,27,14,14,3,9,2,35,2,0,1,120,87,3.2,1.241,8.4,0.9,2.8,10.9,3.89
17,2014,,Joe Thatcher,32,1,0,1,2.63,37,0,7,0,0,0,24,23,10,7,3,3,1,25,2,0,1,100,145,3.3,1.083,8.6,1.1,1.1,9.4,8.33
18,2014,,Zeke Spruill,24,1,1,0.5,3.57,6,1,1,0,0,0,22.2,27,11,9,0,4,0,14,1,0,0,99,106,2.56,1.368,10.7,0,1.6,5.6,3.5
19,2014,,Andrew Chafin,24,0,1,0,3.86,3,3,0,0,0,0,14,13,6,6,0,8,1,10,1,0,2,60,100,3.63,1.5,8.4,0,5.1,6.4,1.25
20,2014,,J.J. Putz,37,1,1,0.5,6.59,18,0,8,0,0,0,13.2,17,10,10,1,6,1,14,1,0,2,62,58,3.57,1.683,11.2,0.7,4,9.2,2.33
21,2014,,Bo Schultz,28,0,1,0,7.88,4,0,3,0,0,0,8,13,7,7,1,1,1,5,0,0,0,36,50,3.88,1.75,14.6,1.1,1.1,5.6,5
22,2014,,Ryan Rowland-Smith,31,0,0,0,4.91,6,0,3,0,0,0,7.1,7,5,4,0,4,1,9,0,0,1,33,80,2.31,1.5,8.6,0,4.9,11,2.25
23,2014,,Daniel Hudson,27,0,1,0,13.5,3,0,0,0,0,0,2.2,4,4,4,0,0,0,2,0,0,0,13,32,1.63,1.5,13.5,0,0,6.8,0
24,2014,,Bradin Hagens,25,0,1,0,3.38,2,0,2,0,0,0,2.2,4,1,1,0,3,1,2,0,0,0,14,128,5.01,2.625,13.5,0,10.1,6.8,0.67
25,2014,,Joe Paterson,28,0,0,0,33.75,3,0,1,0,0,0,1.1,4,5,5,0,1,0,0,1,0,0,10,14,7.63,3.75,27,0,6.8,0,0
1,2013,SP,Patrick Corbin,23,14,8,0.636,3.41,32,32,0,3,0,0,208.1,189,81,79,19,54,1,178,9,0,13,860,113,3.43,1.166,8.2,0.8,2.3,7.7,3.3
2,2013,SP,Wade Miley,26,10,10,0.5,3.55,33,33,0,0,0,0,202.2,201,88,80,21,66,4,147,4,0,13,847,109,3.98,1.317,8.9,0.9,2.9,6.5,2.23
3,2013,SP,Trevor Cahill,25,8,10,0.444,3.99,26,25,1,0,0,0,146.2,143,70,65,13,65,2,102,6,0,17,636,97,4.26,1.418,8.8,0.8,4,6.3,1.57
4,2013,SP,Brandon McCarthy,29,5,11,0.313,4.53,22,22,0,2,1,0,135,161,71,68,13,21,3,76,5,1,1,577,85,3.75,1.348,10.7,0.9,1.4,5.1,3.62
5,2013,SP,Ian Kennedy,28,3,8,0.273,5.23,21,21,0,0,0,0,124,128,79,72,18,48,1,108,10,0,9,549,74,4.6,1.419,9.3,1.3,3.5,7.8,2.25
6,2013,SP,Randall Delgado,23,5,7,0.417,4.26,20,19,0,1,1,0,116.1,116,59,55,24,23,2,79,1,1,3,473,91,4.99,1.195,9,1.9,1.8,6.1,3.43
7,2013,CL,Heath Bell,35,5,2,0.714,4.11,69,0,32,0,0,15,65.2,74,30,30,12,16,1,72,3,0,4,287,94,4.1,1.371,10.1,1.6,2.2,9.9,4.5
8,2013,RP,Brad Ziegler,33,8,1,0.889,2.22,78,0,33,0,0,13,73,61,20,18,3,22,6,44,3,0,0,297,174,3.4,1.137,7.5,0.4,2.7,5.4,2
9,2013,RP,David Hernandez,28,5,6,0.455,4.48,62,0,12,0,0,2,62.1,50,33,31,10,24,4,66,4,0,6,263,87,4.36,1.187,7.2,1.4,3.5,9.5,2.75
10,2013,RP,Will Harris,28,4,1,0.8,2.91,61,0,11,0,0,0,52.2,50,17,17,3,15,1,53,2,0,4,217,134,2.74,1.234,8.5,0.5,2.6,9.1,3.53
11,2013,RP,Tony Sipp,29,3,2,0.6,4.78,56,0,11,0,0,0,37.2,35,22,20,6,22,2,42,3,1,3,175,81,4.88,1.513,8.4,1.4,5.3,10,1.91
12,2013,,Josh Collmenter,27,5,5,0.5,3.13,49,0,10,0,0,0,92,79,34,32,8,33,8,85,2,0,3,384,124,3.47,1.217,7.7,0.8,3.2,8.3,2.58
13,2013,,Tyler Skaggs,21,2,3,0.4,5.12,7,7,0,0,0,0,38.2,38,23,22,7,15,2,36,2,0,2,170,76,4.86,1.371,8.8,1.6,3.5,8.4,2.4
14,2013,,J.J. Putz,36,3,1,0.75,2.36,40,0,16,0,0,6,34.1,26,9,9,4,17,1,38,0,0,3,140,165,3.83,1.252,6.8,1,4.5,10,2.24
15,2013,,Matt Reynolds,28,0,2,0,1.98,30,0,9,0,0,2,27.1,25,7,6,2,5,1,23,1,0,0,111,198,2.97,1.098,8.2,0.7,1.6,7.6,4.6
16,2013,,Chaz Roe,26,1,0,1,4.03,21,0,4,0,0,0,22.1,18,10,10,3,13,3,24,0,0,1,95,97,4.39,1.388,7.3,1.2,5.2,9.7,1.85
17,2013,,Eury De La Rosa,23,0,1,0,7.36,19,0,6,0,0,0,14.2,13,13,12,5,5,0,16,0,0,1,62,54,6.32,1.227,8,3.1,3.1,9.8,3.2
18,2013,,Zeke Spruill,23,0,2,0,5.56,6,2,1,0,0,0,11.1,17,11,7,3,5,0,9,1,0,0,55,72,6.49,1.941,13.5,2.4,4,7.1,1.8
19,2013,,Joe Thatcher,31,0,1,0,6.75,22,0,3,0,0,0,9.1,12,7,7,1,6,0,7,0,0,1,43,59,4.87,1.929,11.6,1,5.8,6.8,1.17
20,2013,,Matt Langwell,27,0,0,0,5.19,8,0,3,0,0,0,8.2,8,5,5,1,5,0,6,1,0,0,39,78,5.24,1.5,8.3,1,5.2,6.2,1.2
21,2013,,Charles Brewer,25,0,0,0,3,4,0,2,0,0,0,6,8,2,2,0,2,0,5,0,0,0,27,137,2.38,1.667,12,0,3,7.5,2.5
22,2013,,David Holmberg,21,0,0,0,7.36,1,1,0,0,0,0,3.2,6,3,3,0,3,0,0,0,0,0,20,58,5.5,2.455,14.7,0,7.4,0,0
23,2013,,Joe Paterson,27,0,0,0,3.86,2,0,2,0,0,0,2.1,2,1,1,0,0,0,2,3,0,0,11,117,5.19,0.857,7.7,0,0,7.7,0
1,2012,SP,Ian Kennedy,27,15,12,0.556,4.02,33,33,0,1,0,0,208.1,216,101,93,28,55,4,187,14,4,5,899,101,4.04,1.301,9.3,1.2,2.4,8.1,3.4
2,2012,SP,Trevor Cahill,24,13,12,0.52,3.78,32,32,0,2,1,0,200,184,93,84,16,74,0,156,11,2,10,839,108,3.85,1.29,8.3,0.7,3.3,7,2.11
3,2012,SP,Wade Miley,25,16,11,0.593,3.33,32,29,0,0,0,0,194.2,193,79,72,14,37,0,144,2,1,6,807,122,3.15,1.182,8.9,0.6,1.7,6.7,3.89
4,2012,SP,Joe Saunders,31,6,10,0.375,4.22,21,21,0,1,1,0,130,146,68,61,17,31,1,89,2,0,2,561,97,4.19,1.362,10.1,1.2,2.1,6.2,2.87
5,2012,SP,Patrick Corbin,22,6,8,0.429,4.54,22,17,3,0,0,1,107,117,56,54,14,25,2,86,4,0,1,454,90,4,1.327,9.8,1.2,2.1,7.2,3.44
6,2012,CL,J.J. Putz,35,1,5,0.167,2.82,57,0,52,0,0,32,54.1,45,18,17,4,11,1,65,2,0,3,218,146,2.38,1.031,7.5,0.7,1.8,10.8,5.91
7,2012,RP,Brad Ziegler,32,6,1,0.857,2.49,77,0,15,0,0,0,68.2,54,21,19,2,21,2,42,1,0,1,263,164,3.21,1.092,7.1,0.3,2.8,5.5,2
8,2012,RP,David Hernandez,27,2,3,0.4,2.5,72,0,21,0,0,4,68.1,48,21,19,4,22,1,98,3,1,4,278,164,2.08,1.024,6.3,0.5,2.9,12.9,4.45
9,2012,RP,Bryan Shaw,24,1,6,0.143,3.49,64,0,19,0,0,2,59.1,60,29,23,4,24,3,41,2,1,4,252,117,3.9,1.416,9.1,0.6,3.6,6.2,1.71
10,2012,RP,Mike Zagurski,29,0,0,0,5.54,45,0,13,0,0,0,37.1,37,24,23,5,19,0,34,1,0,5,163,74,4.62,1.5,8.9,1.2,4.6,8.2,1.79
11,2012,,Josh Collmenter,26,5,3,0.625,3.69,28,11,7,0,0,0,90.1,92,39,37,13,22,2,80,0,0,1,375,111,3.92,1.262,9.2,1.3,2.2,8,3.64
12,2012,,Daniel Hudson,25,3,2,0.6,7.35,9,9,0,0,0,0,45.1,62,37,37,9,12,0,37,0,0,2,202,56,4.84,1.632,12.3,1.8,2.4,7.3,3.08
13,2012,,Craig Breslow,31,2,0,1,2.7,40,0,12,0,0,0,43.1,38,15,13,5,13,0,42,1,0,1,180,152,3.62,1.177,7.9,1,2.7,8.7,3.23
14,2012,,Brad Bergesen,26,2,1,0.667,3.64,19,0,5,0,0,0,29.2,29,14,12,2,7,0,18,1,0,2,121,113,3.57,1.213,8.8,0.6,2.1,5.5,2.57
15,2012,,Tyler Skaggs,20,1,3,0.25,5.83,6,6,0,0,0,0,29.1,30,20,19,6,13,0,21,2,0,1,133,71,5.86,1.466,9.2,1.8,4,6.4,1.62
16,2012,,Matt Albers,29,1,1,0.5,2.57,23,0,4,0,0,0,21,16,7,6,3,7,0,19,1,0,1,84,161,4.28,1.095,6.9,1.3,3,8.1,2.71
17,2012,,Trevor Bauer,21,1,2,0.333,6.06,4,4,0,0,0,0,16.1,14,13,11,2,13,0,17,1,0,2,77,69,5.18,1.653,7.7,1.1,7.2,9.4,1.31
18,2012,,Takashi Saito,42,0,0,0,6.75,16,0,2,0,0,0,12,17,14,9,4,5,1,11,1,0,1,60,62,7.09,1.833,12.8,3,3.8,8.3,2.2
19,2012,,Matt Lindstrom,32,0,0,0,2.53,12,0,3,0,0,0,10.2,10,3,3,0,2,0,10,1,0,0,45,166,2.06,1.125,8.4,0,1.7,8.4,5
20,2012,,Jonathan Albaladejo,29,0,0,0,9,3,0,0,0,0,0,3,5,3,3,1,0,0,2,1,1,0,15,51,7.09,1.667,15,3,0,6,0
21,2012,,Joe Paterson,26,0,0,0,37.13,6,0,0,0,0,0,2.2,15,11,11,2,3,0,0,0,0,0,26,13,16.22,6.75,50.6,6.8,10.1,0,0
22,2012,,Sam Demel,26,0,1,0,9,1,0,1,0,0,0,1,2,1,1,0,1,1,0,0,0,0,6,62,6.09,3,18,0,9,0,0
23,2012,,Joe Martinez,29,0,0,0,9,1,0,1,0,0,0,1,2,1,1,0,0,0,1,0,0,0,5,62,1.09,2,18,0,0,9,0
1,2011,SP,Daniel Hudson,24,16,12,0.571,3.49,33,33,0,3,0,0,222,217,98,86,17,50,1,169,8,1,4,921,113,3.28,1.203,8.8,0.7,2,6.9,3.38
2,2011,SP,Ian Kennedy,26,21,4,0.84,2.88,33,33,0,1,1,0,222,186,73,71,19,55,0,198,9,1,11,900,137,3.22,1.086,7.5,0.8,2.2,8,3.6
3,2011,SP,Joe Saunders,30,12,13,0.48,3.69,33,33,0,1,0,0,212,210,94,87,29,67,4,108,3,0,3,874,107,4.78,1.307,8.9,1.2,2.8,4.6,1.61
4,2011,SP,Josh Collmenter,25,10,10,0.5,3.38,31,24,3,0,0,0,154.1,137,61,58,17,28,2,100,5,1,1,621,117,3.8,1.069,8,1,1.6,5.8,3.57
5,2011,CL,J.J. Putz,34,2,2,0.5,2.17,60,0,52,0,0,45,58,41,15,14,4,12,0,61,2,0,2,229,182,2.54,0.914,6.4,0.6,1.9,9.5,5.08
6,2011,RP,David Hernandez,26,5,3,0.625,3.38,74,0,28,0,0,11,69.1,49,27,26,4,30,1,77,2,1,7,291,117,2.94,1.139,6.4,0.5,3.9,10,2.57
7,2011,RP,Micah Owings,28,8,0,1,3.57,33,4,2,0,0,0,63,56,27,25,8,23,0,44,2,0,3,263,111,4.47,1.254,8,1.1,3.3,6.3,1.91
8,2011,RP,Joe Paterson,25,0,3,0,2.91,62,0,17,0,0,1,34,28,11,11,1,15,0,28,4,0,1,150,137,3.44,1.265,7.4,0.3,4,7.4,1.87
9,2011,RP,Sam Demel,25,2,2,0.5,4.21,34,0,7,0,0,0,25.2,31,13,12,4,13,1,15,2,0,0,117,95,5.64,1.714,10.9,1.4,4.6,5.3,1.15
10,2011,,Zach Duke,28,3,4,0.429,4.93,21,9,5,0,0,1,76.2,101,42,42,6,19,0,32,1,0,1,338,80,3.99,1.565,11.9,0.7,2.2,3.8,1.68
11,2011,,Armando Galarraga,29,3,4,0.429,5.91,8,8,0,0,0,0,42.2,47,36,28,13,22,2,28,1,1,1,198,67,7.29,1.617,9.9,2.7,4.6,5.9,1.27
12,2011,,Wade Miley,24,4,2,0.667,4.5,8,7,0,0,0,0,40,48,20,20,6,18,0,25,0,0,1,180,88,5.08,1.65,10.8,1.4,4.1,5.6,1.39
13,2011,,Barry Enright,25,1,4,0.2,7.41,7,7,0,0,0,0,37.2,50,31,31,11,15,1,21,1,0,2,175,54,6.98,1.726,11.9,2.6,3.6,5,1.4
14,2011,,Aaron Heilman,32,4,1,0.8,6.88,32,0,10,0,0,0,35.1,48,28,27,8,11,0,33,1,0,0,164,58,5.12,1.67,12.2,2,2.8,8.4,3
15,2011,,Esmerling Vasquez,27,1,1,0.5,4.15,31,0,5,0,0,0,30.1,27,16,14,2,13,2,20,4,0,0,132,96,4.24,1.319,8,0.6,3.9,5.9,1.54
16,2011,,Bryan Shaw,23,1,0,1,2.54,33,0,8,0,0,0,28.1,30,9,8,2,8,1,24,4,0,1,122,157,3.52,1.341,9.5,0.6,2.5,7.6,3
17,2011,,Brad Ziegler,31,0,0,0,1.74,23,0,4,0,0,0,20.2,15,7,4,0,6,0,15,0,0,0,79,230,2.44,1.016,6.5,0,2.6,6.5,2.5
18,2011,,J.C. Gutiérrez,27,0,0,0,5.4,20,0,3,0,0,0,18.1,22,16,11,3,9,0,23,1,0,0,90,74,4.28,1.691,10.8,1.5,4.4,11.3,2.56
19,2011,,Alberto Castillo,35,1,0,1,2.31,17,0,4,0,0,0,11.2,10,3,3,0,7,0,6,1,0,0,50,176,4.05,1.457,7.7,0,5.4,4.6,0.86
20,2011,,Jason Marquis,32,0,1,0,9.53,3,3,0,0,0,0,11.1,22,16,12,3,4,0,5,1,0,0,63,43,6.91,2.294,17.5,2.4,3.2,4,1.25
21,2011,,Ryan Cook,24,0,1,0,7.04,12,0,5,0,0,0,7.2,11,6,6,0,8,0,7,0,1,1,41,59,4.33,2.478,12.9,0,9.4,8.2,0.88
22,2011,,Kam Mickolio,27,0,0,0,6.75,6,0,0,0,0,0,6.2,10,5,5,0,3,0,7,0,0,0,32,62,2.28,1.95,13.5,0,4.1,9.5,2.33
23,2011,,Yhency Brazobán,31,0,0,0,6,6,0,1,0,0,0,6,8,4,4,1,4,1,8,1,1,0,31,70,5.03,2,12,1.5,6,12,2
24,2011,,Jarrod Parker,22,0,0,0,0,1,1,0,0,0,0,5.2,4,0,0,0,1,0,1,0,0,0,22,0,3.2,0.882,6.4,0,1.6,1.6,1
25,2011,,Zach Kroenke,27,0,1,0,9,4,0,3,0,0,0,4,6,4,4,1,1,0,3,0,0,0,19,48,5.53,1.75,13.5,2.3,2.3,6.8,3
1,2010,SP,Rodrigo Lopez,34,7,16,0.304,5,33,33,0,0,0,0,200,227,126,111,37,56,1,116,3,0,2,874,85,5.21,1.415,10.2,1.7,2.5,5.2,2.07
2,2010,SP,Ian Kennedy,25,9,10,0.474,3.8,32,32,0,0,0,0,194,163,87,82,26,70,2,168,10,0,16,810,111,4.33,1.201,7.6,1.2,3.2,7.8,2.4
3,2010,SP,Dan Haren,29,7,8,0.467,4.6,21,21,0,1,0,0,141,161,79,72,23,29,4,141,3,1,8,607,92,3.88,1.348,10.3,1.5,1.9,9,4.86
4,2010,SP,Edwin Jackson,26,6,10,0.375,5.16,21,21,0,1,1,0,134.1,141,80,77,13,60,2,104,5,0,13,587,82,4.24,1.496,9.4,0.9,4,7,1.73
5,2010,SP,Barry Enright,24,6,7,0.462,3.91,17,17,0,0,0,0,99,97,43,43,20,29,0,49,1,0,0,410,109,5.62,1.273,8.8,1.8,2.6,4.5,1.69
6,2010,SP,Joe Saunders,29,3,7,0.3,4.25,13,13,0,1,0,0,82.2,97,50,39,11,19,0,50,4,0,3,358,100,4.43,1.403,10.6,1.2,2.1,5.4,2.63
7,2010,CL,J.C. Gutiérrez,26,0,6,0,5.08,58,0,35,0,0,15,56.2,55,33,32,13,23,5,47,4,0,1,247,84,5.83,1.376,8.7,2.1,3.7,7.5,2.04
8,2010,RP,Aaron Heilman,31,5,8,0.385,4.5,70,0,26,0,0,6,72,73,37,36,9,26,4,55,5,0,8,316,94,4.47,1.375,9.1,1.1,3.3,6.9,2.12
9,2010,RP,Blaine Boyer,28,3,2,0.6,4.26,54,0,11,0,0,0,57,59,32,27,3,29,1,29,1,0,2,251,100,4.32,1.544,9.3,0.5,4.6,4.6,1
10,2010,RP,Esmerling Vasquez,26,1,6,0.143,5.2,57,0,16,0,0,0,53.2,46,32,31,6,38,3,55,6,1,3,240,82,4.94,1.565,7.7,1,6.4,9.2,1.45
11,2010,RP,Chad Qualls,31,1,4,0.2,8.29,43,0,28,0,0,12,38,61,41,35,5,15,4,34,1,0,3,190,51,4.26,2,14.4,1.2,3.6,8.1,2.27
12,2010,,Daniel Hudson,23,7,1,0.875,1.69,11,11,0,0,0,0,79.2,51,15,15,7,16,1,70,4,0,3,301,251,3.22,0.841,5.8,0.8,1.8,7.9,4.38
13,2010,,Sam Demel,24,2,1,0.667,5.35,37,0,10,0,0,2,37,42,27,22,5,12,2,33,1,0,5,165,80,4.11,1.459,10.2,1.2,2.9,8,2.75
14,2010,,D.J. Carrasco,33,1,0,1,3.18,18,0,2,0,0,0,22.2,18,15,8,1,12,2,20,1,0,2,98,135,3.61,1.324,7.1,0.4,4.8,7.9,1.67
15,2010,,Dontrelle Willis,28,1,1,0.5,6.85,6,5,0,0,0,0,22.1,24,17,17,3,27,0,14,3,2,4,114,63,7.6,2.284,9.7,1.2,10.9,5.6,0.52
16,2010,,Carlos Rosa,25,0,2,0,4.5,22,0,9,0,0,0,20,20,10,10,1,12,2,9,0,0,0,89,96,4.63,1.6,9,0.5,5.4,4.1,0.75
17,2010,,Jordan Norberto,23,0,2,0,5.85,33,0,5,0,0,0,20,16,13,13,3,22,1,15,0,0,2,94,74,6.83,1.9,7.2,1.4,9.9,6.8,0.68
18,2010,,César Valdez,25,1,2,0.333,7.65,9,2,3,0,0,0,20,29,19,17,2,10,2,13,1,0,3,97,56,4.73,1.95,13.1,0.9,4.5,5.9,1.3
19,2010,,Leo Rosales,29,2,0,1,7.16,16,0,3,0,0,0,16.1,25,13,13,2,9,0,12,0,0,1,80,60,4.85,2.082,13.8,1.1,5,6.6,1.33
20,2010,,Bob Howry,36,1,0,1,10.67,14,0,4,0,0,0,14.1,18,17,17,6,6,1,6,0,0,1,67,41,8.94,1.674,11.3,3.8,3.8,3.8,1
21,2010,,Kris Benson,35,1,1,0.5,5.14,3,3,0,0,0,0,14,18,9,8,2,6,0,8,1,0,1,67,84,5.29,1.714,11.6,1.3,3.9,5.1,1.33
22,2010,,Billy Buckner,26,0,3,0,11.08,3,3,0,0,0,0,13,26,17,16,4,5,0,11,2,0,1,72,39,7,2.385,18,2.8,3.5,7.6,2.2
23,2010,,Zach Kroenke,26,1,0,1,6.75,3,1,0,0,0,0,6.2,9,5,5,2,4,0,2,0,0,0,32,66,8.18,1.95,12.2,2.7,5.4,2.7,0.5
24,2010,,Mike Hampton,37,0,0,0,0,10,0,3,0,0,0,4.1,3,0,0,0,1,1,3,0,0,0,16,0,2.39,0.923,6.2,0,2.1,6.2,3
25,2010,,Daniel Stange,24,0,0,0,13.5,4,0,1,0,0,0,4,4,6,6,1,6,0,2,0,0,0,22,34,9.83,2.5,9,2.3,13.5,4.5,0.33
26,2010,,Saul Rivera,32,0,0,0,22.09,4,0,1,0,0,0,3.2,11,9,9,2,3,0,1,0,0,0,25,21,12.08,3.818,27,4.9,7.4,2.5,0.33
27,2010,,Kevin Mulvey,25,0,0,0,6,2,0,1,0,0,0,3,5,2,2,2,2,0,1,1,0,0,17,79,14.08,2.333,15,6,6,3,0.5
28,2010,,Rafael Rodriguez,25,0,0,0,6.75,2,0,1,0,0,0,2.2,4,2,2,1,1,0,2,1,0,0,14,71,8.7,1.875,13.5,3.4,3.4,6.8,2
1,2009,SP,Dan Haren,28,14,10,0.583,3.14,33,33,0,3,1,0,229.1,192,83,80,27,38,2,223,4,0,13,909,142,3.23,1.003,7.5,1.1,1.5,8.8,5.87
2,2009,SP,Doug Davis,33,9,14,0.391,4.12,34,34,0,0,0,0,203.1,203,101,93,25,103,1,146,4,1,12,889,108,4.84,1.505,9,1.1,4.6,6.5,1.42
3,2009,SP,Max Scherzer,24,9,11,0.45,4.12,30,30,0,0,0,0,170.1,166,94,78,20,63,1,174,10,1,5,741,108,3.87,1.344,8.8,1.1,3.3,9.2,2.76
4,2009,SP,Jon Garland,29,8,11,0.421,4.29,27,27,0,1,0,0,167.2,188,90,80,19,52,5,83,6,0,5,728,104,4.62,1.431,10.1,1,2.8,4.5,1.6
5,2009,SP,Yusmeiro Petit,24,3,10,0.231,5.82,23,17,2,0,0,0,89.2,102,62,58,19,34,1,74,0,0,3,407,77,5.34,1.517,10.2,1.9,3.4,7.4,2.18
6,2009,SP,Billy Buckner,25,4,6,0.4,6.4,16,13,0,0,0,0,77.1,94,57,55,12,29,0,64,3,0,6,342,70,4.7,1.591,10.9,1.4,3.4,7.4,2.21
7,2009,CL,Chad Qualls,30,2,2,0.5,3.63,51,0,44,0,0,24,52,53,23,21,5,7,2,45,2,0,2,217,123,3.14,1.154,9.2,0.9,1.2,7.8,6.43
8,2009,RP,J.C. Gutiérrez,25,4,3,0.571,4.06,65,0,21,0,0,9,71,67,33,32,2,30,5,66,3,0,5,307,110,3,1.366,8.5,0.3,3.8,8.4,2.2
9,2009,RP,Jon Rauch,30,2,2,0.5,4.14,58,0,13,0,0,2,54.1,57,27,25,5,17,0,35,1,0,6,235,108,4,1.362,9.4,0.8,2.8,5.8,2.06
10,2009,RP,Esmerling Vasquez,25,3,3,0.5,4.42,53,0,10,0,0,0,53,52,27,26,4,29,2,45,3,0,4,238,101,4.19,1.528,8.8,0.7,4.9,7.6,1.55
11,2009,RP,Clay Zavada,25,3,3,0.5,3.35,49,0,9,0,0,0,51,45,22,19,5,24,2,52,3,0,1,221,134,3.92,1.353,7.9,0.9,4.2,9.2,2.17
12,2009,,Leo Rosales,28,2,1,0.667,4.76,33,0,8,0,0,0,45.1,40,24,24,5,12,2,31,0,0,3,186,94,3.96,1.147,7.9,1,2.4,6.2,2.58
13,2009,,Blaine Boyer,27,0,1,0,2.68,30,0,16,0,0,0,37,39,20,11,0,12,0,18,3,0,2,160,168,3.34,1.378,9.5,0,2.9,4.4,1.5
14,2009,,Tony Pena,27,5,3,0.625,4.24,37,0,13,0,0,1,34,41,20,16,3,11,0,26,1,0,2,153,106,3.77,1.529,10.9,0.8,2.9,6.9,2.36
15,2009,,Scott Schoeneweis,35,1,2,0.333,7.13,45,0,9,0,0,0,24,29,20,19,6,13,1,14,2,0,0,117,63,7.06,1.75,10.9,2.3,4.9,5.3,1.08
16,2009,,Kevin Mulvey,24,0,3,0,7.04,6,4,0,0,0,0,23,23,18,18,5,12,0,18,2,0,0,104,64,6.18,1.522,9,2,4.7,7,1.5
17,2009,,Daniel Schlereth,23,1,4,0.2,5.89,21,0,4,0,0,0,18.1,15,13,12,1,15,1,22,1,0,4,86,77,4.02,1.636,7.4,0.5,7.4,10.8,1.47
18,2009,,Bryan Augenstein,22,0,1,0,7.94,7,2,2,0,0,0,17,23,16,15,2,6,2,6,2,0,0,81,57,5.33,1.706,12.2,1.1,3.2,3.2,1
19,2009,,Daniel Cabrera,28,0,1,0,6.55,6,1,4,0,0,0,11,11,8,8,0,7,0,7,2,0,1,51,70,4.28,1.636,9,0,5.7,5.7,1
20,2009,,Doug Slaten,29,0,0,0,7.11,11,0,1,0,0,0,6.1,10,5,5,1,1,0,4,0,0,0,30,66,4.36,1.737,14.2,1.4,1.4,5.7,4
21,2009,,Bobby Korecky,29,0,0,0,13.5,5,0,0,0,0,0,6,11,9,9,0,4,0,3,0,0,3,32,35,4.1,2.5,16.5,0,6,4.5,0.75
22,2009,,Brandon Webb,30,0,0,0,13.5,1,1,0,0,0,0,4,6,6,6,2,2,0,2,1,0,0,20,36,10.85,2,13.5,4.5,4.5,4.5,1
23,2009,,Tom Gordon,41,0,1,0,21.6,3,0,1,0,0,0,1.2,3,4,4,0,3,0,0,0,0,2,10,25,8.5,3.6,16.2,0,16.2,0,0
24,2009,,Josh Wilson,28,0,0,0,0,1,0,1,0,0,0,1,0,0,0,0,1,0,0,0,0,0,3,0,6.1,1,0,0,9,0,0
1,2008,SP,Brandon Webb,29,22,7,0.759,3.3,34,34,0,3,1,0,226.2,206,95,83,13,65,5,183,12,1,8,944,140,3.28,1.196,8.2,0.5,2.6,7.3,2.82
2,2008,SP,Dan Haren,27,16,8,0.667,3.33,33,33,0,1,1,0,216,204,86,80,19,40,4,206,6,0,11,881,138,3.01,1.13,8.5,0.8,1.7,8.6,5.15
3,2008,SP,Randy Johnson,44,11,10,0.524,3.91,30,30,0,2,0,0,184,184,92,80,24,44,6,173,6,1,2,778,118,3.76,1.239,9,1.2,2.2,8.5,3.93
4,2008,SP,Doug Davis,32,6,8,0.429,4.32,26,26,0,0,0,0,146,160,76,70,13,64,4,112,4,0,7,650,107,4.15,1.534,9.9,0.8,3.9,6.9,1.75
5,2008,SP,Micah Owings,25,6,9,0.4,5.93,22,18,2,0,0,0,104.2,104,73,69,14,41,0,87,12,0,4,466,78,4.73,1.385,8.9,1.2,3.5,7.5,2.12
6,2008,CL,Brandon Lyon,28,3,5,0.375,4.7,61,0,50,0,0,26,59.1,75,34,31,7,13,1,44,0,0,1,265,98,3.84,1.483,11.4,1.1,2,6.7,3.38
7,2008,RP,Chad Qualls,29,4,8,0.333,2.81,77,0,21,0,0,9,73.2,61,29,23,4,18,2,71,3,0,6,300,164,2.77,1.072,7.5,0.5,2.2,8.7,3.94
8,2008,RP,Tony Pena,26,3,2,0.6,4.33,72,0,20,0,0,3,72.2,80,38,35,5,17,5,52,3,0,4,313,107,3.42,1.335,9.9,0.6,2.1,6.4,3.06
9,2008,RP,Juan Cruz,29,4,0,1,2.61,57,0,10,0,0,0,51.2,34,17,15,5,31,0,71,3,0,1,215,177,3.62,1.258,5.9,0.9,5.4,12.4,2.29
10,2008,RP,Doug Slaten,28,0,3,0,4.73,45,0,13,0,0,0,32.1,33,20,17,4,14,1,20,4,0,0,147,98,5.17,1.454,9.2,1.1,3.9,5.6,1.43
11,2008,,Yusmeiro Petit,23,3,5,0.375,4.31,19,8,6,0,0,0,56.1,45,29,27,12,14,2,42,1,1,3,229,107,5.21,1.047,7.2,1.9,2.2,6.7,3
12,2008,,Max Scherzer,23,0,4,0,3.05,16,7,2,0,0,0,56,48,24,19,5,21,1,66,5,0,2,237,151,3.33,1.232,7.7,0.8,3.4,10.6,3.14
13,2008,,Édgar González,25,1,3,0.25,6,17,6,3,0,0,0,48,58,34,32,8,21,2,32,3,0,4,221,77,5.47,1.646,10.9,1.5,3.9,6,1.52
14,2008,,Leo Rosales,27,1,1,0.5,4.2,27,0,6,0,0,0,30,32,15,14,2,15,3,18,1,0,2,136,111,4.4,1.567,9.6,0.6,4.5,5.4,1.2
15,2008,,Jon Rauch,29,0,6,0,6.56,26,0,10,0,0,1,23.1,27,18,17,6,9,1,22,0,0,1,103,71,5.75,1.543,10.4,2.3,3.5,8.5,2.44
16,2008,,Brandon Medders,28,1,0,1,4.58,18,0,3,0,0,0,19.2,17,11,10,2,11,2,8,2,0,1,88,102,5.62,1.424,7.8,0.9,5,3.7,0.73
17,2008,,Billy Buckner,24,1,0,1,3.21,10,0,5,0,0,0,14,16,5,5,3,4,1,11,1,0,2,59,146,5.42,1.429,10.3,1.9,2.6,7.1,2.75
18,2008,,Jailen Peguero,27,0,0,0,4.82,7,0,0,0,0,0,9.1,9,6,5,0,4,0,5,1,0,0,38,99,3.67,1.393,8.7,0,3.9,4.8,1.25
19,2008,,Connor Robertson,26,0,1,0,5.14,6,0,3,0,0,0,7,8,4,4,1,2,1,2,1,0,0,32,94,5.7,1.429,10.3,1.3,2.6,2.6,1
20,2008,,Wil Ledezma,27,0,0,0,0,3,0,2,0,0,0,4,2,0,0,0,3,0,4,0,0,0,17,0,3.38,1.25,4.5,0,6.8,9,1.33
1,2007,SP,Brandon Webb,28,18,10,0.643,3.01,34,34,0,4,3,0,236.1,209,91,79,12,72,6,194,5,0,3,975,158,3.24,1.189,8,0.5,2.7,7.4,2.69
2,2007,SP,Liván Hernández,32,11,11,0.5,4.93,33,33,0,1,0,0,204.1,247,116,112,34,79,1,90,6,2,3,913,96,5.77,1.595,10.9,1.5,3.5,4,1.14
3,2007,SP,Doug Davis,31,13,12,0.52,4.25,33,33,0,0,0,0,192.2,211,100,91,21,95,7,144,5,1,10,862,112,4.72,1.588,9.9,1,4.4,6.7,1.52
4,2007,SP,Micah Owings,24,8,8,0.5,4.3,29,27,0,2,1,0,152.2,146,81,73,20,50,2,106,14,0,5,651,111,4.81,1.284,8.6,1.2,2.9,6.2,2.12
5,2007,CL,Jose Valverde,29,1,4,0.2,2.66,65,0,59,0,0,47,64.1,46,21,19,7,26,1,78,3,0,1,265,179,3.58,1.119,6.4,1,3.6,10.9,3
6,2007,RP,Tony Pena,25,5,4,0.556,3.27,75,0,13,0,0,2,85.1,63,36,31,8,31,4,63,5,1,3,344,146,4.25,1.102,6.6,0.8,3.3,6.6,2.03
7,2007,RP,Brandon Lyon,27,6,4,0.6,2.68,73,0,20,0,0,2,74,70,25,22,2,22,2,40,1,1,3,307,178,3.44,1.243,8.5,0.2,2.7,4.9,1.82
8,2007,RP,Juan Cruz,28,6,1,0.857,3.1,53,0,15,0,0,0,61,45,28,21,7,32,3,87,5,2,1,262,154,3.7,1.262,6.6,1,4.7,12.8,2.72
9,2007,RP,Doug Slaten,27,3,2,0.6,2.72,61,0,13,0,0,0,36.1,41,15,11,4,14,0,28,0,0,3,163,176,4.29,1.514,10.2,1,3.5,6.9,2
10,2007,,Édgar González,24,8,4,0.667,5.03,32,12,5,0,0,0,102,110,61,57,18,28,4,62,4,1,5,437,95,5.26,1.353,9.7,1.6,2.5,5.5,2.21
11,2007,,Yusmeiro Petit,22,3,4,0.429,4.58,14,10,2,0,0,0,57,58,30,29,12,18,1,40,0,1,0,243,104,5.52,1.333,9.2,1.9,2.8,6.3,2.22
12,2007,,Randy Johnson,43,4,3,0.571,3.81,10,10,0,0,0,0,56.2,52,26,24,7,13,3,72,4,0,1,233,125,3.2,1.147,8.3,1.1,2.1,11.4,5.54
13,2007,,Dustin Nippert,26,1,1,0.5,5.56,36,0,8,0,0,0,45.1,48,30,28,5,16,1,38,0,0,4,196,86,4.06,1.412,9.5,1,3.2,7.5,2.38
14,2007,,Brandon Medders,27,1,2,0.333,4.3,30,0,7,0,0,0,29.1,30,16,14,9,16,0,23,1,0,1,128,112,7.4,1.568,9.2,2.8,4.9,7.1,1.44
15,2007,,Jailen Peguero,26,1,0,1,9.2,18,0,6,0,0,0,14.2,17,15,15,2,13,1,9,1,0,1,71,53,6.65,2.045,10.4,1.2,8,5.5,0.69
16,2007,,Bob Wickman,38,0,1,0,1.35,8,0,1,0,0,0,6.2,6,2,1,0,1,0,2,1,0,1,28,369,3.54,1.05,8.1,0,1.4,2.7,2
17,2007,,Bill Murphy,26,0,0,0,5.68,10,0,2,0,0,0,6.1,9,4,4,0,7,2,2,1,0,0,34,88,6.4,2.526,12.8,0,9.9,2.8,0.29
18,2007,,Dana Eveland,23,1,0,1,14.4,5,1,0,0,0,0,5,8,8,8,0,5,0,3,0,0,1,28,35,5.04,2.6,14.4,0,9,5.4,0.6
19,2007,,Byung-Hyun Kim,28,0,1,0,23.63,2,2,0,0,0,0,2.2,11,9,7,1,2,0,3,1,0,0,22,23,9.24,4.875,37.1,3.4,6.8,10.1,1.5
20,2007,,Joe Kennedy,28,0,0,0,20.25,3,0,0,0,0,0,2.2,4,7,6,0,2,0,1,4,0,2,19,26,9.24,2.25,13.5,0,6.8,3.4,0.5
21,2007,,Enrique González,24,0,0,0,13.5,1,0,1,0,0,0,2,4,4,3,0,1,0,0,0,0,0,11,41,4.74,2.5,18,0,4.5,0,0
22,2007,,Jeff Cirillo,37,0,0,0,0,1,0,1,0,0,0,1,0,0,0,0,2,0,1,0,0,0,5,0,7.24,2,0,0,18,9,0.5
23,2007,,Mike Schultz,27,0,0,0,0,1,0,1,0,0,0,1,1,0,0,0,0,0,1,0,0,0,3,0,1.24,1,9,0,0,9,0
24,2007,,Augie Ojeda,32,0,0,0,0,1,0,1,0,0,0,1,0,0,0,0,0,0,0,0,0,0,3,0,3.24,0,0,0,0,0,0
25,2007,,J.D. Durbin,25,0,0,0,94.5,1,0,0,0,0,0,0.2,7,7,7,0,1,0,1,0,0,0,10,7,4.74,12,94.5,0,13.5,13.5,1
26,2007,,Randy Choate,31,0,0,0,0,2,0,0,0,0,0,0,3,0,0,0,0,0,0,0,0,0,3,0,0,0,0,0,0,0,0
1,2006,SP,Brandon Webb,27,16,8,0.667,3.1,33,33,0,5,3,0,235,216,91,81,15,50,4,178,6,2,5,950,152,3.18,1.132,8.3,0.6,1.9,6.8,3.56
2,2006,SP,Miguel Batista,35,11,8,0.579,4.58,34,33,0,3,1,0,206.1,231,116,105,18,84,5,110,6,1,14,910,103,4.52,1.527,10.1,0.8,3.7,4.8,1.31
3,2006,SP,Claudio Vargas,28,12,10,0.545,4.83,31,30,1,0,0,0,167.2,185,101,90,27,52,2,123,8,1,9,747,98,4.85,1.414,9.9,1.4,2.8,6.6,2.37
4,2006,SP,Enrique González,23,3,7,0.3,5.67,22,18,1,0,0,0,106.1,114,71,67,14,34,0,66,4,0,1,462,83,4.69,1.392,9.6,1.2,2.9,5.6,1.94
5,2006,CL,Jose Valverde,28,2,3,0.4,5.84,44,0,35,0,0,18,49.1,50,32,32,6,22,3,69,2,0,2,223,81,3.39,1.459,9.1,1.1,4,12.6,3.14
6,2006,RP,Brandon Medders,26,5,3,0.625,3.64,60,0,13,0,0,0,71.2,76,37,29,5,28,3,47,2,0,2,316,130,4,1.451,9.5,0.6,3.5,5.9,1.68
7,2006,RP,Brandon Lyon,26,2,4,0.333,3.89,68,0,22,0,0,0,69.1,68,32,30,7,22,7,46,0,0,1,293,122,4.08,1.298,8.8,0.9,2.9,6,2.09
8,2006,RP,Luis Vizcaino,31,4,6,0.4,3.58,70,0,15,0,0,0,65.1,51,26,26,8,29,6,72,4,0,1,272,132,4.05,1.224,7,1.1,4,9.9,2.48
9,2006,RP,Jorge Julio,27,1,2,0.333,3.83,44,0,32,0,0,15,44.2,31,20,19,6,25,1,55,0,0,7,189,124,4.11,1.254,6.2,1.2,5,11.1,2.2
10,2006,,Juan Cruz,27,5,6,0.455,4.18,31,15,5,0,0,0,94.2,80,45,44,7,47,2,88,11,0,2,413,113,4.09,1.342,7.6,0.7,4.5,8.4,1.87
11,2006,,Liván Hernández,31,4,5,0.444,3.76,10,10,0,0,0,0,69.1,70,31,29,7,26,2,39,2,0,1,298,126,4.55,1.385,9.1,0.9,3.4,5.1,1.5
12,2006,,Greg Aquino,28,2,0,1,4.47,42,0,12,0,0,0,48.1,54,27,24,8,24,2,51,4,0,2,220,106,4.93,1.614,10.1,1.5,4.5,9.5,2.13
13,2006,,Orlando Hernández,40,2,4,0.333,6.11,9,9,0,0,0,0,45.2,52,32,31,8,20,3,52,4,0,0,204,78,4.72,1.577,10.2,1.6,3.9,10.2,2.6
14,2006,,Édgar González,23,3,4,0.429,4.22,11,5,1,0,0,0,42.2,45,20,20,7,9,0,28,3,0,2,182,113,4.81,1.266,9.5,1.5,1.9,5.9,3.11
15,2006,,Tony Pena,24,3,4,0.429,5.58,25,0,6,0,0,1,30.2,36,21,19,6,8,0,21,0,0,1,135,86,5.1,1.435,10.6,1.8,2.3,6.2,2.63
16,2006,,Jason Grimsley,38,1,2,0.333,4.88,19,0,6,0,0,0,27.2,30,15,15,4,8,2,10,0,0,1,118,98,5.17,1.373,9.8,1.3,2.6,3.3,1.25
17,2006,,Russ Ortiz,32,0,5,0,7.54,6,6,0,0,0,0,22.2,27,21,19,3,22,1,21,1,0,0,113,63,6.06,2.162,10.7,1.2,8.7,8.3,0.95
18,2006,,Randy Choate,30,0,1,0,3.94,30,0,3,0,0,0,16,21,9,7,0,3,0,12,3,0,0,75,122,2.77,1.5,11.8,0,1.7,6.8,4
19,2006,,Casey Daigle,25,0,0,0,3.65,10,0,1,0,0,0,12.1,14,5,5,1,6,0,7,0,0,0,52,133,4.53,1.622,10.2,0.7,4.4,5.1,1.17
20,2006,,Kevin Jarvis,36,0,1,0,11.91,5,1,1,0,0,0,11.1,18,15,15,2,5,0,6,1,0,2,58,41,5.97,2.029,14.3,1.6,4,4.8,1.2
21,2006,,Dustin Nippert,25,0,2,0,11.7,2,2,0,0,0,0,10,15,13,13,5,7,0,9,0,0,0,51,42,9.95,2.2,13.5,4.5,6.3,8.1,1.29
22,2006,,Doug Slaten,26,0,0,0,0,9,0,0,0,0,0,5.2,3,0,0,0,2,1,3,0,0,0,21,0,3.15,0.882,4.8,0,3.2,4.8,1.5
23,2006,,Terry Mulholland,43,0,0,0,9,5,0,0,0,0,0,3,7,3,3,1,1,0,1,0,0,0,17,58,7.81,2.667,21,3,3,3,1
24,2006,,Mike Koplove,29,0,0,0,3,2,0,0,0,0,0,3,5,1,1,0,2,0,1,0,0,0,15,174,4.48,2.333,15,0,6,3,0.5
25,2006,,Jeff Bajenaru,28,0,1,0,36,1,0,0,0,0,0,1,4,4,4,3,0,0,0,0,0,0,7,17,42.15,4,36,27,0,0,0
1,2005,SP,Brandon Webb,26,14,12,0.538,3.54,33,33,0,1,0,0,229,229,98,90,21,59,4,172,2,1,14,943,125,3.51,1.258,9,0.8,2.3,6.8,2.92
2,2005,SP,Javier Vazquez,28,11,15,0.423,4.42,33,33,0,3,1,0,215.2,223,112,106,35,46,4,192,5,0,7,904,100,4.06,1.247,9.3,1.5,1.9,8,4.17
3,2005,SP,Brad Halsey,24,8,12,0.4,4.61,28,26,1,0,0,0,160,191,101,82,20,39,3,82,9,1,2,700,96,4.52,1.438,10.7,1.1,2.2,4.6,2.1
4,2005,SP,Shawn Estes,32,7,8,0.467,4.8,21,21,0,2,0,0,123.2,132,70,66,15,45,0,63,4,0,4,535,92,4.77,1.431,9.6,1.1,3.3,4.6,1.4
5,2005,SP,Claudio Vargas,27,9,6,0.6,4.81,21,19,0,0,0,0,119.2,124,66,64,21,40,3,90,7,0,6,520,92,4.98,1.37,9.3,1.6,3,6.8,2.25
6,2005,SP,Russ Ortiz,31,5,11,0.313,6.89,22,22,0,0,0,0,115,147,92,88,18,65,3,46,4,0,5,551,64,6.05,1.843,11.5,1.4,5.1,3.6,0.71
7,2005,CL,Jose Valverde,27,3,4,0.429,2.44,61,0,34,0,0,15,66.1,51,19,18,5,20,1,75,2,0,3,268,181,2.73,1.07,6.9,0.7,2.7,10.2,3.75
8,2005,RP,Lance Cormier,24,7,3,0.7,5.11,67,0,13,0,0,0,79.1,86,50,45,7,43,5,63,5,0,6,356,87,4.39,1.626,9.8,0.8,4.9,7.1,1.47
9,2005,RP,Mike Koplove,28,2,1,0.667,5.07,44,0,11,0,0,0,49.2,48,31,28,6,20,3,28,6,1,1,217,87,5.03,1.369,8.7,1.1,3.6,5.1,1.4
10,2005,RP,Brian Bruney,23,1,3,0.25,7.43,47,0,21,0,0,12,46,56,39,38,6,35,2,51,5,0,2,230,60,5.11,1.978,11,1.2,6.8,10,1.46
11,2005,RP,Greg Aquino,27,0,1,0,7.76,35,0,11,0,0,1,31.1,42,29,27,7,17,1,34,4,1,2,155,57,5.76,1.883,12.1,2,4.9,9.8,2
12,2005,,Mike Gosling,24,0,3,0,4.45,13,5,5,0,0,0,32.1,40,20,16,2,19,2,14,0,0,0,154,100,4.72,1.825,11.1,0.6,5.3,3.9,0.74
13,2005,,Tim Worrell,37,1,1,0.5,2.27,32,0,8,0,0,0,31.2,30,13,8,4,9,2,22,1,0,0,137,196,4.22,1.232,8.5,1.1,2.6,6.3,2.44
14,2005,,Brandon Medders,25,4,1,0.8,1.78,27,0,10,0,0,0,30.1,21,6,6,2,11,0,31,1,0,1,122,250,3.02,1.055,6.2,0.6,3.3,9.2,2.82
15,2005,,Brandon Lyon,25,0,2,0,6.44,32,0,22,0,0,14,29.1,44,25,21,6,10,2,17,2,1,1,144,69,5.75,1.841,13.5,1.8,3.1,5.2,1.7
16,2005,,Buddy Groom,39,0,1,0,4.7,23,0,5,0,0,1,15.1,19,8,8,2,5,1,7,0,0,0,70,96,4.78,1.565,11.2,1.2,2.9,4.1,1.4
17,2005,,Dustin Nippert,24,1,0,1,5.52,3,3,0,0,0,0,14.2,10,9,9,1,13,0,11,1,0,1,68,82,5.27,1.568,6.1,0.6,8,6.8,0.85
18,2005,,Javier López,27,1,1,0.5,9.42,29,0,5,0,0,2,14.1,19,15,15,2,11,3,11,1,0,0,74,48,5.81,2.093,11.9,1.3,6.9,6.9,1
19,2005,,Oscar Villarreal,23,2,0,1,5.27,11,0,0,0,0,0,13.2,11,8,8,2,6,2,5,1,0,0,57,86,5.73,1.244,7.2,1.3,4,3.3,0.83
20,2005,,Jason Bulger,26,1,0,1,5.4,9,0,5,0,0,0,10,14,6,6,1,5,1,9,0,0,0,48,84,4.02,1.9,12.6,0.9,4.5,8.1,1.8
21,2005,,Kerry Ligtenberg,34,0,0,0,13.97,7,0,2,0,0,0,9.2,16,15,15,4,4,0,5,0,0,0,48,33,8.61,2.069,14.9,3.7,3.7,4.7,1.25
22,2005,,Matt Herges,35,0,0,0,13.5,7,0,2,0,0,0,8,12,12,12,4,5,0,3,1,0,0,42,34,11.02,2.125,13.5,4.5,5.6,3.4,0.6
23,2005,,Randy Choate,29,0,0,0,9,8,0,0,0,0,0,7,8,7,7,0,5,1,4,1,0,1,35,51,4.45,1.857,10.3,0,6.4,5.1,0.8
24,2005,,Armando Almanza,32,0,0,0,2.25,6,0,1,0,0,0,4,5,1,1,1,3,0,2,0,0,1,19,213,7.52,2,11.3,2.3,6.8,4.5,0.67
25,2005,,Édgar González,22,0,0,0,108,1,0,0,0,0,0,0.1,2,4,4,1,2,0,1,0,0,1,5,8,54.02,12,54,27,54,27,0.5
1,2004,SP,Randy Johnson,40,16,14,0.533,2.6,35,35,0,4,2,0,245.2,177,88,71,18,44,1,290,10,1,3,964,176,2.3,0.9,6.5,0.7,1.6,10.6,6.59
2,2004,SP,Brandon Webb,25,7,16,0.304,3.59,35,35,0,1,0,0,208,194,111,83,17,119,11,164,11,1,17,933,128,4.41,1.505,8.4,0.7,5.1,7.1,1.38
3,2004,SP,Casey Fossum,26,4,15,0.211,6.65,27,27,0,0,0,0,142,171,111,105,31,63,5,117,10,2,4,652,69,5.78,1.648,10.8,2,4,7.4,1.86
4,2004,SP,Steve Sparks,38,3,7,0.3,6.04,29,18,6,0,0,0,120.2,139,89,81,18,45,2,57,5,0,4,545,76,5.29,1.525,10.4,1.3,3.4,4.3,1.27
5,2004,CL,Greg Aquino,26,0,2,0,3.06,34,0,26,0,0,16,35.1,24,15,12,4,17,2,26,2,0,4,147,151,4.66,1.16,6.1,1,4.3,6.6,1.53
6,2004,RP,Mike Koplove,27,4,4,0.5,4.05,76,0,24,0,0,2,86.2,86,42,39,7,37,10,55,5,0,4,371,113,4.28,1.419,8.9,0.7,3.8,5.7,1.49
7,2004,RP,Elmer Dessens,33,1,6,0.143,4.75,38,9,7,0,0,2,85.1,107,54,45,11,23,4,55,1,0,2,386,97,4.28,1.523,11.3,1.2,2.4,5.8,2.39
8,2004,RP,Steve Randolph,30,2,5,0.286,5.51,45,6,5,0,0,0,81.2,73,56,50,11,76,2,62,1,0,3,393,83,6.11,1.824,8,1.2,8.4,6.8,0.82
9,2004,RP,Randy Choate,28,2,4,0.333,4.62,74,0,17,0,0,0,50.2,52,26,26,1,28,11,49,5,1,1,232,100,3.33,1.579,9.2,0.2,5,8.7,1.75
10,2004,,Casey Daigle,23,2,3,0.4,7.16,10,10,0,0,0,0,49,63,41,39,9,27,3,17,2,1,1,230,64,6.52,1.837,11.6,1.7,5,3.1,0.63
11,2004,,Édgar González,21,0,9,0,9.32,10,10,0,0,0,0,46.1,72,49,48,15,18,4,31,5,1,3,228,49,7.41,1.942,14,2.9,3.5,6,1.72
12,2004,,Lance Cormier,23,1,4,0.2,8.14,17,5,3,0,0,0,45.1,62,42,41,13,25,2,24,2,1,2,218,57,7.5,1.919,12.3,2.6,5,4.8,0.96
13,2004,,Andrew Good,24,1,2,0.333,5.31,17,2,3,0,0,0,40.2,43,25,24,8,13,0,26,3,0,2,177,87,5.51,1.377,9.5,1.8,2.9,5.8,2
14,2004,,Brian Bruney,22,3,4,0.429,4.31,30,0,14,0,0,0,31.1,20,16,15,2,27,5,34,1,0,2,135,107,4.39,1.5,5.7,0.6,7.8,9.8,1.26
15,2004,,Jose Valverde,26,1,2,0.333,4.25,29,0,20,0,0,8,29.2,23,17,14,7,17,4,38,1,0,4,131,109,5.37,1.348,7,2.1,5.2,11.5,2.24
16,2004,,Mike Gosling,23,1,1,0.5,4.62,6,4,0,0,0,0,25.1,26,13,13,5,13,1,14,2,0,2,112,100,6.29,1.539,9.2,1.8,4.6,5,1.08
17,2004,,Scott Service,37,1,1,0.5,7.08,21,0,5,0,0,0,20.1,24,17,16,5,10,2,17,2,0,1,97,66,6.34,1.672,10.6,2.2,4.4,7.5,1.7
18,2004,,Brandon Villafuerte,28,0,3,0,4.05,20,0,6,0,0,0,20,25,9,9,2,14,2,13,1,0,0,96,115,5.3,1.95,11.3,0.9,6.3,5.9,0.93
19,2004,,Mike Fetters,39,0,1,0,8.68,23,0,6,0,0,1,18.2,23,22,18,2,14,2,14,1,0,4,94,54,5.35,1.982,11.1,1,6.8,6.8,1
20,2004,,Oscar Villarreal,22,0,2,0,7,17,0,4,0,0,0,18,25,14,14,3,7,1,17,1,0,5,84,67,4.66,1.778,12.5,1.5,3.5,8.5,2.43
21,2004,,Shane Nance,26,1,1,0.5,5.84,19,0,2,0,0,0,12.1,19,11,8,2,12,4,9,3,0,1,69,80,7.35,2.514,13.9,1.5,8.8,6.6,0.75
22,2004,,Matt Mantei,30,0,3,0,11.81,12,0,9,0,0,4,10.2,17,15,14,5,6,1,13,0,0,0,55,40,8.39,2.156,14.3,4.2,5.1,11,2.17
23,2004,,Chad Durbin,26,1,1,0.5,8.68,7,0,0,0,0,0,9.1,9,10,9,1,11,0,10,1,0,2,52,55,6.16,2.143,8.7,1,10.6,9.6,0.91
24,2004,,Shane Reynolds,36,0,1,0,4.5,1,1,0,0,0,0,2,6,6,1,0,2,0,0,0,0,0,14,119,6.05,4,27,0,9,0,0
25,2004,,Jeff Fassero,41,0,0,0,0,1,0,0,0,0,0,1,0,0,0,0,0,0,1,0,0,0,3,0,1.05,0,0,0,0,9,0
1,2003,SP,Miguel Batista,32,10,9,0.526,3.54,36,29,5,2,1,0,193.1,197,85,76,13,60,3,142,8,0,7,822,132,3.49,1.329,9.2,0.6,2.8,6.6,2.37
2,2003,SP,Brandon Webb,24,10,9,0.526,2.84,29,28,1,1,1,0,180.2,140,65,57,12,68,4,172,13,1,9,750,165,3.34,1.151,7,0.6,3.4,8.6,2.53
3,2003,SP,Elmer Dessens,32,8,8,0.5,5.07,34,30,1,0,0,0,175.2,212,107,99,22,57,6,113,4,2,3,781,92,4.41,1.531,10.9,1.1,2.9,5.8,1.98
4,2003,SP,Curt Schilling,36,8,9,0.471,2.95,24,24,0,3,2,0,168,144,58,55,17,32,2,194,3,0,4,673,159,2.66,1.048,7.7,0.9,1.7,10.4,6.06
5,2003,SP,Randy Johnson,39,6,8,0.429,4.26,18,18,0,1,1,0,114,125,61,54,16,27,3,125,8,1,1,489,110,3.58,1.333,9.9,1.3,2.1,9.9,4.63
6,2003,CL,Matt Mantei,29,5,4,0.556,2.62,50,0,44,0,0,29,55,37,17,16,6,18,1,68,2,0,1,220,180,3.07,1,6.1,1,2.9,11.1,3.78
7,2003,RP,Oscar Villarreal,21,10,7,0.588,2.57,86,1,14,0,0,0,98,80,40,28,6,46,10,80,3,2,3,422,182,3.69,1.286,7.3,0.6,4.2,7.3,1.74
8,2003,RP,Steve Randolph,29,8,1,0.889,4.05,50,0,9,0,0,0,60,50,28,27,7,43,3,50,2,2,4,271,116,5.13,1.55,7.5,1.1,6.5,7.5,1.16
9,2003,RP,Jose Valverde,25,2,1,0.667,2.15,54,0,33,0,0,10,50.1,24,16,12,4,26,2,71,2,0,2,204,219,2.91,0.993,4.3,0.7,4.6,12.7,2.73
10,2003,RP,Mike Myers,34,0,1,0,5.7,64,0,17,0,0,0,36.1,38,23,23,4,21,1,21,5,0,1,172,83,5.45,1.624,9.4,1,5.2,5.2,1
11,2003,,Andrew Good,23,4,2,0.667,5.29,16,10,0,0,0,0,66.1,74,42,39,15,16,3,42,3,0,3,289,89,5.56,1.357,10,2,2.2,5.7,2.63
12,2003,,John Patterson,25,1,4,0.2,6.05,16,8,3,0,0,1,55,61,39,37,7,30,5,43,2,0,4,252,78,4.87,1.655,10,1.1,4.9,7,1.43
13,2003,,Byung-Hyun Kim,24,1,5,0.167,3.56,7,7,0,0,0,0,43,34,17,17,6,15,0,33,4,0,0,181,132,4.64,1.14,7.1,1.3,3.1,6.9,2.2
14,2003,,Eddie Oropesa,31,3,3,0.5,5.82,47,0,9,0,0,0,38.2,38,27,25,3,27,2,39,2,1,3,180,81,4.27,1.681,8.8,0.7,6.3,9.1,1.44
15,2003,,Mike Koplove,26,3,0,1,2.15,31,0,5,0,0,0,37.2,31,11,9,3,10,1,27,5,0,1,157,219,3.83,1.088,7.4,0.7,2.4,6.5,2.7
16,2003,,Chris Capuano,24,2,4,0.333,4.64,9,5,2,0,0,0,33,27,19,17,3,11,1,23,6,0,3,139,102,4.36,1.152,7.4,0.8,3,6.3,2.09
17,2003,,Scott Service,36,0,2,0,4.91,18,0,7,0,0,1,18.1,21,10,10,1,2,1,18,0,0,1,77,97,2.1,1.255,10.3,0.5,1,8.8,9
18,2003,,Édgar González,20,2,1,0.667,4.91,9,2,1,0,0,0,18.1,28,10,10,3,7,2,14,0,0,2,85,97,4.78,1.909,13.7,1.5,3.4,6.9,2
19,2003,,Brady Raggio,30,0,0,0,6.48,10,0,4,0,0,1,8.1,9,6,6,1,6,1,8,0,0,0,38,75,4.83,1.8,9.7,1.1,6.5,8.6,1.33
20,2003,,Dennys Reyes,26,0,0,0,11.57,3,0,0,0,0,0,2.1,5,3,3,1,1,0,5,0,0,0,13,46,5.6,2.571,19.3,3.9,3.9,19.3,5
21,2003,,Ricky Bottalico,33,1,0,1,5.4,2,0,0,0,0,0,1.2,3,1,1,0,2,1,2,0,0,0,10,104,4.23,3,16.2,0,10.8,10.8,1
22,2003,,Bret Prinz,26,0,0,0,0,1,0,0,0,0,0,1,1,0,0,0,1,1,1,0,0,0,5,0,4.03,2,9,0,9,9,1
1,2002,SP,Randy Johnson,38,24,5,0.828,2.32,35,35,0,8,4,0,260,197,78,67,26,71,1,334,13,2,3,1035,195,2.66,1.031,6.8,0.9,2.5,11.6,4.7
2,2002,SP,Curt Schilling,35,23,7,0.767,3.23,36,35,0,5,1,0,259.1,218,95,93,29,33,1,316,3,0,6,1017,140,2.4,0.968,7.6,1,1.1,11,9.58
3,2002,SP,Miguel Batista,31,8,9,0.471,4.29,36,29,2,1,0,0,184.2,172,99,88,12,70,3,112,6,2,9,790,106,3.83,1.31,8.4,0.6,3.4,5.5,1.6
4,2002,SP,Rick Helling,31,10,12,0.455,4.51,30,30,0,0,0,0,175.2,180,94,88,31,48,6,120,6,1,7,751,101,4.81,1.298,9.2,1.6,2.5,6.1,2.5
5,2002,SP,Brian Anderson,30,6,11,0.353,4.79,35,24,1,0,0,0,156,174,86,83,23,32,3,81,1,5,2,659,95,4.47,1.321,10,1.3,1.8,4.7,2.53
6,2002,CL,Byung-Hyun Kim,23,8,3,0.727,2.04,72,0,66,0,0,36,84,64,20,19,5,26,2,92,6,0,2,343,223,2.69,1.071,6.9,0.5,2.8,9.9,3.54
7,2002,RP,Mike Koplove,25,6,1,0.857,3.36,55,0,15,0,0,0,61.2,47,24,23,2,23,4,46,0,0,1,249,136,3.01,1.135,6.9,0.3,3.4,6.7,2
8,2002,RP,Mike Myers,33,4,3,0.571,4.38,69,0,15,0,0,4,37,39,18,18,2,17,0,31,8,0,0,171,104,4.02,1.514,9.5,0.5,4.1,7.5,1.82
9,2002,RP,Greg Swindell,37,0,2,0,6.27,34,0,5,0,0,0,33,38,23,23,9,5,1,23,0,0,0,143,73,5.57,1.303,10.4,2.5,1.4,6.3,4.6
10,2002,RP,Mike Fetters,37,2,3,0.4,5.11,33,0,9,0,0,0,24.2,28,18,14,1,19,5,24,2,0,6,118,90,4.1,1.905,10.2,0.4,6.9,8.8,1.26
11,2002,,Mike Morgan,42,1,1,0.5,5.29,29,0,9,0,0,0,34,41,22,20,7,9,1,13,3,0,3,156,86,5.93,1.471,10.9,1.9,2.4,3.4,1.44
12,2002,,John Patterson,24,2,0,1,3.23,7,5,1,0,0,0,30.2,27,11,11,7,7,0,31,1,0,2,123,142,4.69,1.109,7.9,2.1,2.1,9.1,4.43
13,2002,,Matt Mantei,28,2,2,0.5,4.73,31,0,6,0,0,0,26.2,28,15,14,3,12,0,26,1,0,1,122,97,3.94,1.5,9.5,1,4.1,8.8,2.17
14,2002,,Eddie Oropesa,30,2,0,1,10.3,32,0,5,0,0,0,25.1,39,30,29,6,15,0,18,2,1,1,132,45,6.63,2.132,13.9,2.1,5.3,6.4,1.2
15,2002,,Todd Stottlemyre,37,0,2,0,7.52,5,4,1,0,0,0,20.1,26,17,17,4,7,0,12,0,0,0,92,61,5.37,1.623,11.5,1.8,3.1,5.3,1.71
16,2002,,Jose Parra,29,0,1,0,3.21,16,0,3,0,0,0,14,13,5,5,0,11,2,8,1,0,1,63,144,4.39,1.714,8.4,0,7.1,5.1,0.73
17,2002,,Bret Prinz,25,0,2,0,9.45,20,0,5,0,0,0,13.1,23,14,14,1,10,1,10,1,0,3,71,49,4.91,2.475,15.5,0.7,6.8,6.8,1
18,2002,,Duaner Sanchez,22,0,0,0,4.91,6,0,3,0,0,0,3.2,3,2,2,1,5,0,4,0,0,0,19,101,8.42,2.182,7.4,2.5,12.3,9.8,0.8
19,2002,,Armando Reynoso,36,0,0,0,10.8,2,0,1,0,0,0,1.2,3,2,2,0,1,0,2,0,0,1,9,50,2.36,2.4,16.2,0,5.4,10.8,2
20,2002,,Mark Grace,38,0,0,0,9,1,0,1,0,0,0,1,1,1,1,1,0,0,0,0,0,0,4,67,15.96,1,9,9,0,0,0
1,2001,SP,Curt Schilling,34,22,6,0.786,2.98,35,35,0,6,1,0,256.2,237,86,85,37,39,0,293,1,0,4,1021,157,3.11,1.075,8.3,1.3,1.4,10.3,7.51
2,2001,SP,Randy Johnson,37,21,6,0.778,2.49,35,34,1,3,2,0,249.2,181,74,69,19,71,2,372,18,1,8,994,188,2.13,1.009,6.5,0.7,2.6,13.4,5.24
3,2001,SP,Brian Anderson,29,4,9,0.308,5.2,29,22,1,1,0,0,133.1,156,93,77,25,30,2,55,1,1,2,571,90,5.36,1.395,10.5,1.7,2,3.7,1.83
4,2001,SP,Robert Ellis,30,6,5,0.545,5.77,19,17,1,0,0,0,92,106,61,59,12,34,2,41,4,2,3,413,81,5.09,1.522,10.4,1.2,3.3,4,1.21
5,2001,SP,Albie Lopez,29,4,7,0.364,4,13,13,0,2,2,0,81,74,36,36,10,24,2,69,0,0,1,329,117,3.84,1.21,8.2,1.1,2.7,7.7,2.88
6,2001,CL,Byung-Hyun Kim,22,5,6,0.455,2.94,78,0,44,0,0,19,98,58,32,32,10,44,3,113,8,1,5,392,159,3.66,1.041,5.3,0.9,4,10.4,2.57
7,2001,RP,Miguel Batista,30,11,8,0.579,3.36,48,18,6,0,0,0,139.1,113,57,52,13,60,2,90,10,0,6,581,139,4.48,1.242,7.3,0.8,3.9,5.8,1.5
8,2001,RP,Greg Swindell,36,2,6,0.25,4.53,64,0,18,0,0,2,53.2,51,27,27,12,8,2,42,0,0,1,214,104,4.84,1.099,8.6,2,1.3,7,5.25
9,2001,RP,Troy Brohawn,28,2,3,0.4,4.93,59,0,10,0,0,1,49.1,55,27,27,5,23,2,30,1,0,2,220,95,4.61,1.581,10,0.9,4.2,5.5,1.3
10,2001,RP,Bret Prinz,24,4,1,0.8,2.63,46,0,26,0,0,9,41,33,13,12,4,19,1,27,1,1,1,174,179,4.46,1.268,7.2,0.9,4.2,5.9,1.42
11,2001,,Erik Sabel,26,3,2,0.6,4.38,42,0,11,0,0,0,51.1,57,26,25,8,12,3,25,3,0,1,218,107,4.98,1.344,10,1.4,2.1,4.4,2.08
12,2001,,Armando Reynoso,35,1,6,0.143,5.98,9,9,0,0,0,0,46.2,58,32,31,13,13,2,15,4,0,1,207,79,7.12,1.521,11.2,2.5,2.5,2.9,1.15
13,2001,,Bobby Witt,37,4,1,0.8,4.78,14,7,0,0,0,0,43.1,36,23,23,6,25,1,31,3,0,2,193,98,5.36,1.408,7.5,1.2,5.2,6.4,1.24
14,2001,,Mike Morgan,41,1,0,1,4.26,31,1,9,0,0,0,38,45,20,18,2,17,4,24,0,0,2,168,110,3.81,1.632,10.7,0.5,4,5.7,1.41
15,2001,,Nick Bierbrodt,23,2,2,0.5,8.22,5,5,0,0,0,0,23,29,21,21,6,12,0,17,0,0,0,108,58,6.53,1.783,11.3,2.3,4.7,6.7,1.42
16,2001,,Russ Springer,32,0,0,0,7.13,18,0,9,0,0,1,17.2,20,16,14,5,4,0,12,0,0,2,79,67,6.05,1.358,10.2,2.5,2,6.1,3
17,2001,,Mike Mohler,32,0,0,0,7.24,13,0,5,0,0,0,13.2,14,11,11,3,9,0,7,0,0,1,61,66,6.85,1.683,9.2,2,5.9,4.6,0.78
18,2001,,Mike Koplove,24,0,1,0,3.6,9,0,1,0,0,0,10,8,7,4,1,9,1,14,2,0,1,50,134,4.85,1.7,7.2,0.9,8.1,12.6,1.56
19,2001,,Geraldo Guzmán,28,0,0,0,2.89,4,0,0,0,0,0,9.1,7,4,3,2,3,1,4,0,0,0,37,167,5.94,1.071,6.8,1.9,2.9,3.9,1.33
20,2001,,Matt Mantei,27,0,0,0,2.57,8,0,7,0,0,2,7,6,2,2,2,4,0,12,0,0,2,31,190,5.05,1.429,7.7,2.6,5.1,15.4,3
21,2001,,Eric Knott,26,0,1,0,1.93,3,1,0,0,0,0,4.2,8,9,1,0,0,0,4,2,0,0,25,259,2.62,1.714,15.4,0,0,7.7,0
22,2001,,Steve Finley,36,0,0,0,0,1,0,1,0,0,0,1,0,0,0,0,1,0,0,1,0,0,4,0,9.05,1,0,0,9,0,0
1,2000,SP,Randy Johnson,36,19,7,0.731,2.64,35,35,0,8,3,0,248.2,202,89,73,23,76,1,347,6,2,5,1001,181,2.53,1.118,7.3,0.8,2.8,12.6,4.57
2,2000,SP,Brian Anderson,28,11,7,0.611,4.05,33,32,0,2,0,0,213.1,226,101,96,38,39,7,104,3,4,1,876,118,5.07,1.242,9.5,1.6,1.6,4.4,2.67
3,2000,SP,Armando Reynoso,34,11,12,0.478,5.27,31,30,0,2,0,0,170.2,179,102,100,22,52,5,89,6,0,3,730,91,4.79,1.354,9.4,1.2,2.7,4.7,1.71
4,2000,SP,Curt Schilling,33,5,6,0.455,3.69,13,13,0,4,1,0,97.2,94,41,40,10,13,0,72,0,0,0,388,130,3.39,1.096,8.7,0.9,1.2,6.6,5.54
5,2000,SP,Omar Daal,28,2,10,0.167,7.22,20,16,1,0,0,0,96,127,88,77,17,42,11,45,7,1,0,460,66,6.03,1.76,11.9,1.6,3.9,4.2,1.07
6,2000,SP,Todd Stottlemyre,35,9,6,0.6,4.91,18,18,0,0,0,0,95.1,98,55,52,18,36,2,76,2,1,2,408,98,5.19,1.406,9.3,1.7,3.4,7.2,2.11
7,2000,CL,Matt Mantei,26,1,1,0.5,4.57,47,0,38,0,0,17,45.1,31,24,23,4,35,1,53,2,0,5,200,105,4.39,1.456,6.2,0.8,6.9,10.5,1.51
8,2000,RP,Mike Morgan,40,5,5,0.5,4.87,60,4,15,0,0,5,101.2,123,55,55,10,40,5,56,1,0,0,448,98,4.52,1.603,10.9,0.9,3.5,5,1.4
9,2000,RP,Greg Swindell,35,2,6,0.25,3.2,64,0,21,0,0,1,76,71,29,27,7,20,5,64,1,0,0,318,150,3.48,1.197,8.4,0.8,2.4,7.6,3.2
10,2000,RP,Byung-Hyun Kim,21,6,6,0.5,4.46,61,1,30,0,0,14,70.2,52,39,35,9,46,5,111,9,2,3,320,108,3.98,1.387,6.6,1.1,5.9,14.1,2.41
11,2000,RP,Dan Plesac,38,5,1,0.833,3.15,62,0,14,0,0,0,40,34,21,14,4,26,2,45,0,0,3,182,153,4.13,1.5,7.7,0.9,5.9,10.1,1.73
12,2000,,Russ Springer,31,2,4,0.333,5.08,52,0,10,0,0,0,62,63,36,35,11,34,6,59,2,0,3,282,94,5.28,1.565,9.1,1.6,4.9,8.6,1.74
13,2000,,Geraldo Guzmán,27,5,4,0.556,5.37,13,10,0,0,0,0,60.1,66,36,36,8,22,0,52,2,0,3,259,89,4.33,1.459,9.8,1.2,3.3,7.8,2.36
14,2000,,Vicente Padilla,22,2,1,0.667,2.31,27,0,12,0,0,0,35,32,10,9,0,10,2,30,0,0,0,143,208,2.28,1.2,8.2,0,2.6,7.7,3
15,2000,,Nelson Figueroa,26,0,1,0,7.47,3,3,0,0,0,0,15.2,17,13,13,4,5,0,7,0,0,2,68,65,6.52,1.404,9.8,2.3,2.9,4,1.4
16,2000,,Johnny Ruffin,28,0,0,0,9,5,0,2,0,0,0,9,14,9,9,4,3,1,5,0,0,0,43,55,8.8,1.889,14,4,3,5,1.67
17,2000,,Darren Holmes,34,0,0,0,8.53,8,0,3,0,0,1,6.1,12,6,6,1,1,0,5,1,0,0,32,62,4.56,2.053,17.1,1.4,1.4,7.1,5
1,1999,SP,Randy Johnson,35,17,9,0.654,2.48,35,35,0,12,2,0,271.2,207,86,75,30,70,3,364,9,2,4,1079,184,2.76,1.02,6.9,1,2.3,12.1,5.2
2,1999,SP,Omar Daal,27,16,9,0.64,3.65,32,32,0,2,1,0,214.2,188,92,87,21,79,3,148,7,2,3,895,125,4.23,1.244,7.9,0.9,3.3,6.2,1.87
3,1999,SP,Andy Benes,31,13,12,0.52,4.81,33,32,0,0,0,0,198.1,216,117,106,34,82,3,141,4,0,10,886,95,5.24,1.503,9.8,1.5,3.7,6.4,1.72
4,1999,SP,Armando Reynoso,33,10,6,0.625,4.37,31,27,1,0,0,0,167,178,90,81,20,67,7,79,6,1,7,730,105,5.06,1.467,9.6,1.1,3.6,4.3,1.18
5,1999,SP,Brian Anderson,27,8,2,0.8,4.57,31,19,4,2,1,1,130,144,69,66,18,28,3,75,1,2,0,549,100,4.45,1.323,10,1.2,1.9,5.2,2.68
6,1999,SP,Todd Stottlemyre,34,6,3,0.667,4.09,17,17,0,0,0,0,101.1,106,51,46,12,40,1,74,6,0,2,446,112,4.57,1.441,9.4,1.1,3.6,6.6,1.85
7,1999,CL,Matt Mantei,25,0,1,0,2.79,30,0,28,0,0,22,29,20,10,9,1,19,0,49,3,0,2,127,165,2.48,1.345,6.2,0.3,5.9,15.2,2.58
8,1999,RP,Greg Swindell,34,4,0,1,2.51,63,0,15,0,0,1,64.2,54,19,18,8,21,1,51,1,0,0,261,183,4.19,1.16,7.5,1.1,2.9,7.1,2.43
9,1999,RP,Gregg Olson,32,9,4,0.692,3.71,61,0,36,0,0,14,60.2,54,28,25,9,25,2,45,2,0,1,257,124,4.91,1.302,8,1.3,3.7,6.7,1.8
10,1999,RP,Darren Holmes,33,4,3,0.571,3.7,44,0,9,0,0,0,48.2,50,21,20,3,25,8,35,1,2,0,219,124,4.1,1.541,9.2,0.6,4.6,6.5,1.4
11,1999,RP,Dan Plesac,37,2,1,0.667,3.32,34,0,6,0,0,1,21.2,22,9,8,3,8,1,27,0,0,1,94,140,3.55,1.385,9.1,1.2,3.3,11.2,3.38
12,1999,,Bobby Chouinard,27,5,2,0.714,2.68,32,0,9,0,0,1,40.1,31,16,12,3,12,2,23,0,0,1,161,172,3.85,1.066,6.9,0.7,2.7,5.1,1.92
13,1999,,Vladimir Núñez,24,3,2,0.6,2.91,27,0,11,0,0,1,34,29,15,11,2,20,5,28,1,0,3,146,158,4.1,1.441,7.7,0.5,5.3,7.4,1.4
14,1999,,John Frascatore,29,1,4,0.2,4.09,26,0,10,0,0,0,33,31,16,15,6,12,4,15,1,0,0,136,113,5.77,1.303,8.5,1.6,3.3,4.1,1.25
15,1999,,Byung-Hyun Kim,20,1,2,0.333,4.61,25,0,10,0,0,1,27.1,20,15,14,2,20,2,31,5,1,4,121,100,4.56,1.463,6.6,0.7,6.6,10.2,1.55
16,1999,,Erik Sabel,24,0,0,0,6.52,7,0,1,0,0,0,9.2,12,7,7,1,6,2,6,2,0,1,48,73,5.72,1.862,11.2,0.9,5.6,5.6,1
17,1999,,Amaury Telemaco,25,1,0,1,7.5,5,0,3,0,0,0,6,7,5,5,2,6,1,2,0,0,0,28,64,9.8,2.167,10.5,3,9,3,0.33
18,1999,,Dan Carlson,29,0,0,0,9,2,0,1,0,0,0,4,5,4,4,0,0,0,3,0,0,0,18,55,1.63,1.25,11.3,0,0,6.8,0
19,1999,,Vicente Padilla,21,0,1,0,16.88,5,0,2,0,0,0,2.2,7,5,5,1,3,0,0,0,0,0,19,30,11.38,3.75,23.6,3.4,10.1,0,0
20,1999,,Ed Vosberg,37,0,1,0,3.38,4,0,0,0,0,0,2.2,6,1,1,0,0,0,2,0,0,0,13,152,1.63,2.25,20.3,0,0,6.8,0
1,1998,SP,Andy Benes,30,14,13,0.519,3.97,34,34,0,1,0,0,231.1,221,111,102,25,74,3,164,6,1,9,979,106,4.16,1.275,8.6,1,2.9,6.4,2.22
2,1998,SP,Brian Anderson,26,12,13,0.48,4.33,32,32,0,2,1,0,208,221,109,100,39,24,2,95,4,6,3,845,97,5.07,1.178,9.6,1.7,1,4.1,3.96
3,1998,SP,Omar Daal,26,8,12,0.4,2.88,33,23,4,3,1,0,162.2,146,60,52,12,51,3,132,3,1,0,664,146,3.47,1.211,8.1,0.7,2.8,7.3,2.59
4,1998,SP,Willie Blair,32,4,15,0.211,5.34,23,23,0,0,0,0,146.2,165,91,87,27,51,2,71,3,0,5,634,79,5.67,1.473,10.1,1.7,3.1,4.4,1.39
5,1998,SP,Amaury Telemaco,24,6,9,0.4,3.94,27,18,1,0,0,0,121,127,63,53,13,33,2,60,4,0,4,519,107,4.46,1.322,9.4,1,2.5,4.5,1.82
6,1998,SP,Jeff Suppan,23,1,7,0.125,6.68,13,13,0,1,0,0,66,82,55,49,12,21,1,39,1,0,2,299,63,5.32,1.561,11.2,1.6,2.9,5.3,1.86
7,1998,CL,Gregg Olson,31,3,4,0.429,3.01,64,0,49,0,0,30,68.2,56,25,23,4,25,1,55,1,0,2,281,140,3.43,1.18,7.3,0.5,3.3,7.2,2.2
8,1998,RP,Clint Sodowsky,25,3,6,0.333,5.68,45,6,10,0,0,0,77.2,86,56,49,5,39,5,42,7,2,4,357,74,4.67,1.609,10,0.6,4.5,4.9,1.08
9,1998,RP,Felix Rodriguez,25,0,2,0,6.14,43,0,23,0,0,5,44,44,31,30,5,29,1,36,1,2,5,207,69,5.03,1.659,9,1,5.9,7.4,1.24
10,1998,RP,Willie Banks,29,1,2,0.333,3.09,33,0,8,0,0,1,43.2,34,21,15,2,25,2,32,1,1,4,188,137,4.06,1.351,7,0.4,5.2,6.6,1.28
11,1998,RP,Alan Embree,28,3,2,0.6,4.11,35,0,11,0,0,1,35,33,18,16,5,13,0,24,1,0,3,150,103,4.82,1.314,8.5,1.3,3.3,6.2,1.85
12,1998,,Bobby Chouinard,26,0,2,0,4.23,26,2,9,0,0,0,38.1,41,23,18,5,11,2,26,0,0,5,169,100,4.34,1.357,9.6,1.2,2.6,6.1,2.36
13,1998,,Bob Wolcott,24,1,3,0.25,7.09,6,6,0,0,0,0,33,32,27,26,7,13,1,21,0,0,1,141,60,5.81,1.364,8.7,1.9,3.5,5.7,1.62
14,1998,,Russ Springer,29,4,3,0.571,4.13,26,0,13,0,0,0,32.2,29,16,15,4,14,1,37,1,0,3,140,103,3.84,1.316,8,1.1,3.9,10.2,2.64
15,1998,,Aaron Small,26,3,1,0.75,3.69,23,0,9,0,0,0,31.2,32,14,13,5,8,1,14,1,0,0,130,115,5.16,1.263,9.1,1.4,2.3,4,1.75
16,1998,,Joel Adamson,26,0,3,0,8.22,5,5,0,0,0,0,23,25,21,21,5,11,0,14,3,0,0,104,52,6.57,1.565,9.8,2,4.3,5.5,1.27
17,1998,,Scott Brow,29,1,0,1,7.17,17,0,5,0,0,0,21.1,22,17,17,2,14,2,13,0,0,0,98,59,5.11,1.688,9.3,0.8,5.9,5.5,0.93
18,1998,,Barry Manuel,32,1,0,1,7.47,13,0,3,0,0,0,15.2,17,14,13,5,14,3,12,1,0,0,79,57,8.63,1.979,9.8,2.9,8,6.9,0.86
19,1998,,Ben Ford,22,0,0,0,9.9,8,0,2,0,0,0,10,13,12,11,2,3,0,5,2,0,1,49,44,6.24,1.6,11.7,1.8,2.7,4.5,1.67
20,1998,,Vladimir Núñez,23,0,0,0,10.13,4,0,2,0,0,0,5.1,7,6,6,0,2,0,2,0,1,0,25,44,3.51,1.688,11.8,0,3.4,3.4,1
21,1998,,Chris Michalak,27,0,0,0,11.81,5,0,2,0,0,0,5.1,9,7,7,1,4,0,5,0,0,0,29,38,5.95,2.438,15.2,1.7,6.8,8.4,1.25
22,1998,,Efrain Valdez,31,0,0,0,4.15,6,0,2,0,0,0,4.1,7,2,2,2,1,0,2,0,0,0,20,110,8.91,1.846,14.5,4.2,2.1,4.2,2
23,1998,,Bryan Corey,24,0,0,0,9,3,0,2,0,0,0,4,6,4,4,1,2,0,1,1,0,0,20,51,8.14,2,13.5,2.3,4.5,2.3,0.5
24,1998,,Neil Weber,25,0,0,0,11.57,4,0,0,0,0,0,2.1,5,3,3,0,3,0,4,0,0,0,15,42,3.57,3.429,19.3,0,11.6,15.4,1.33
25,1998,,Ricky Pickett,28,0,0,0,81,2,0,0,0,0,0,0.2,3,6,6,0,4,0,2,0,0,1,9,8,15.14,10.5,40.5,0,54,27,0.5