Year,Name,Salary,Adjusted_Inflation_Salary
2024,Jordan Montgomery,25000000,25000000
2024,Eduardo Rodriguez,14000000,14000000
2024,Ketel Marte,13600000,13600000
2024,Eugenio Suarez,11285716,11285716
2024,Christian Walker,10900000,10900000
2024,Zac Gallen,10011000,10011000
2024,Lourdes Gurriel Jr.,10000000,10000000
2024,Joc Pederson,9500000,9500000
2024,Merrill Kelly,8500000,8500000
2024,Corbin Carroll,3625000,3625000
2024,Scott McGough,3000000,3000000
2024,Josh Bell,2250000,2250000
2024,Randal Grichuk,1500000,1500000
2024,Ryan Thompson,1350000,1350000
2024,Kevin Ginkel,1225000,1225000
2024,Kevin Newman,946237,946237
2024,Joe Mantiply,925000,925000
2024,Geraldo Perdomo,786000,786000
2024,Jake McCarthy,766000,766000
2024,Ryne Nelson,764300,764300
2024,Gabriel Moreno,760100,760100
2024,Brandon Pfaadt,754400,754400
2024,Justin Martinez,754050,754050
2024,A.J. Puk,638710,638710
2024,Alek Thomas,591591,591591
2024,Pavin Smith,508968,508968
2024,Jose Herrera,393822,393822
2024,Brandon Hughes,167076,167076
2024,Paul Sewald,7350000,7350000
2024,Kyle Nelson,757300,757300
2024,Drey Jameson,749700,749700
2024,Bryce Jarvis,743600,743600
2023,Ketel Marte,11600000,11917840
2023,Merrill Kelly,8500000,8732900
2023,Christian Walker,6500000,6678100
2023,Lourdes Gurriel Jr.,5828571,5988273.845
2023,Zac Gallen,5600000,5753440
2023,Evan Longoria,5000000,5137000
2023,Miguel Castro,4350000,4469190
2023,Tommy Pham,8000000,8219200
2023,Corbin Carroll,1625000,1669525
2023,Jace Peterson,4650000,4777410
2023,Paul Sewald,4100000,4212340
2023,Geraldo Perdomo,738600,758837.64
2023,Kyle Nelson,728900,748871.86
2023,Gabriel Moreno,722500,742296.5
2023,Kevin Ginkel,746600,767056.84
2023,Ryne Nelson,722700,742501.98
2023,Joe Mantiply,756000,776714.4
2023,Alek Thomas,735200,755344.48
2023,Emmanuel Rivera,720000,739728
2023,Brandon Pfaadt,720000,739728
2023,Luis Frias,720000,739728
2023,Bryce Jarvis,720000,739728
2023,Ryan Thompson,720000,739728
2023,Pavin Smith,750000,770550
2023,Justin Martinez,720000,739728
2023,Andrew Saalfrank,720000,739728
2023,Seby Zavala,732000,752056.8
2023,Jordan Lawlar,720000,739728
2023,Mark Melancon,6000000,6164400
2023,Scott McGough,2500000,2568500
2023,Corbin Martin,728400,748358.16
2023,Tommy Henry,720000,739728
2023,Drey Jameson,723600,743426.64
2023,Austin Adams,720000,739728
2023,Dominic Fletcher,720000,739728
2022,Madison Bumgarner,23000000,24603100
2022,Mark Melancon,7000000,7487900
2022,Merrill Kelly,5250000,5615925
2022,Ian Kennedy,4500000,4813650
2022,Carson Kelly,3325000,3556752.5
2022,Christian Walker,2600000,2781220
2022,Caleb Smith,2000000,2139400
2022,Zach Davies,1500000,1604550
2022,Jordan Luplow,1400000,1497580
2022,Zac Gallen,745600,797568.32
2022,Josh Rojas,730900,781843.73
2022,Daulton Varsho,721700,772002.49
2022,Joe Mantiply,717000,766974.9
2022,Geraldo Perdomo,701300,750180.61
2022,Jake McCarthy,702400,751357.28
2022,Cooper Hummel,700000,748790
2022,Sean Poppen,717400,767402.78
2022,Pavin Smith,722900,773286.13
2022,Reyes Moronta,1500000,1604550
2022,Sergio Alcantara,712500,762161.25
2022,Kevin Ginkel,700000,748790
2022,Jake Hager,700000,748790
2022,Buddy Kennedy,700000,748790
2022,Stone Garrett,700000,748790
2022,Tommy Henry,700000,748790
2022,Taylor Widener,700000,748790
2022,Corbin Carroll,700000,748790
2022,Drey Jameson,700000,748790
2022,Ketel Marte,8400000,8985480
2022,Nick Ahmed,8125000,8691312.5
2022,Humberto Castellanos,713700,763444.89
2022,Kyle Nelson,700000,748790
2022,Keynan Middleton,800000,855760
2022,Tyler Gilbert,700000,748790
2022,Emmanuel Rivera,700000,748790
2022,Ryne Nelson,700000,748790
2022,Kristian Robinson,700000,748790
2021,Miguel Aguilar,570500,659098.65
2021,Nick Ahmed,8125000,9386812.5
2021,Seth Beer,570500,659098.65
2021,Ryan Buchter,570500,659098.65
2021,JB Bukauskas,570500,659098.65
2021,Madison Bumgarner,17882892,20660105.13
2021,Asdrubal Cabrera,1750000,2021775
2021,Kole Calhoun,8000000,9242400
2021,Humberto Castellanos,570500,659098.65
2021,Taylor Clarke,601800,695259.54
2021,Tyler Clippard,1750000,2021775
2021,Stefan Crichton,596400,689020.92
2021,Brett de Geus,570500,659098.65
2021,Chris Devenski,1000000,1155300
2021,Jon Duplantier,570500,659098.65
2021,Drew Ellis,570500,659098.65
2021,Eduardo Escobar,7666667,8857300.385
2021,Stuart Fairchild,570500,659098.65
2021,Jacob Faria,570500,659098.65
2021,Seth Frankoff,570500,659098.65
2021,Luis Frias,570500,659098.65
2021,Zac Gallen,607500,701844.75
2021,Tyler Gilbert,570500,659098.65
2021,Kevin Ginkel,585900,676890.27
2021,Jake Hager,570500,659098.65
2021,Nick Heath,570500,659098.65
2021,Bryan Holaday,570500,659098.65
2021,Carson Kelly,1700000,1964010
2021,Merrill Kelly,4250000,4910025
2021,Domingo Leyba,570500,659098.65
2021,Tim Locastro,589100,680587.23
2021,Yoan Lopez,597800,690638.34
2021,Joe Mantiply,570500,659098.65
2021,Ketel Marte,6400000,7393920
2021,Corbin Martin,570500,659098.65
2021,Wyatt Mathisen,573600,662680.08
2021,Jake McCarthy,570500,659098.65
2021,Humberto Mejia,570500,659098.65
2021,Keury Mella,570500,659098.65
2021,Matt Peacock,570500,659098.65
2021,David Peralta,8000000,9242400
2021,Geraldo Perdomo,570500,659098.65
2021,Sean Poppen,570500,659098.65
2021,Noe Ramirez,570500,659098.65
2021,Henry Ramos,570500,659098.65
2021,Josh Reddick,570500,659098.65
2021,Josh Rojas,582400,672846.72
2021,Brandyn Sittinger,570500,659098.65
2021,Caleb Smith,1465000,1692514.5
2021,Pavin Smith,574600,663835.38
2021,Riley Smith,582300,672731.19
2021,Joakim Soria,3500000,4043550
2021,Anthony Swarzak,570500,659098.65
2021,Josh VanMeter,586600,677698.98
2021,Ildemaro Vargas,570500,659098.65
2021,Daulton Varsho,570500,659098.65
2021,Stephen Vogt,3500000,4043550
2021,Christian Walker,619300,715477.29
2021,Luke Weaver,1950000,2252835
2021,Jordan Weems,570500,659098.65
2021,J.B. Wendelken,580500,670651.65
2021,Taylor Widener,583400,674002.02
2021,Alex Young,603000,696645.9
2021,Andrew Young,570500,659098.65
2020,Yasmany Tomás,6290000,7608384
2020,Zack Greinke,3823332,4624702.387
2020,Starling Marte,3700000,4475520
2020,Robbie Ray,3489100,4220415.36
2020,Eduardo Escobar,2651666,3207455.194
2020,David Peralta,2590000,3132864
2020,Nick Ahmed,2590000,3132864
2020,Madison Bumgarner,2220000,2685312
2020,Mike Leake,2220000,2685312
2020,Kole Calhoun,2220000,2685312
2020,Jake Lamb,5510000,6664896
2020,Ketel Marte,2038700,2466011.52
2020,Archie Bradley,1628000,1969228.8
2020,Andrew Chafin,1517000,1834963.2
2020,Merrill Kelly,1126650,1362795.84
2020,Junior Guerra,1126650,1362795.84
2020,Stephen Vogt,943500,1141257.6
2020,Héctor Rondón,925000,1118880
2020,Jon Jay,555000,671328
2020,Luke Weaver,220890,267188.544
2020,Christian Walker,218115,263831.904
2020,Silvino Bracho,216117,261415.1232
2020,Carson Kelly,215029,260099.0784
2020,Yoan López,213897,258729.8112
2020,Stefan Crichton,213675,258461.28
2020,Alex Young,212750,257342.4
2020,Zac Gallen,212750,257342.4
2020,Tim Locastro,212528,257073.8688
2020,Ildemaro Vargas,211862,256268.2752
2020,Josh Rojas,210456,254567.5776
2020,Kevin Ginkel,210382,254478.0672
2020,Corbin Martin,209309,253180.1664
2019,Zack Greinke,34500000,42245250
2019,Yasmany Tomás,15500000,18979750
2019,David Peralta,7000000,8571500
2019,Eduardo Escobar,6166666,7551082.517
2019,Robbie Ray,6050000,7408225
2019,Taijuan Walker,5025000,6153112.5
2019,Jake Lamb,4825000,5908212.5
2019,Alex Avila,4250000,5204125
2019,Steven Souza Jr.,4125000,5051062.5
2019,Jarrod Dyson,3750000,4591875
2019,Wilmer Flores,3750000,4591875
2019,Nick Ahmed,3662500,4484731.25
2019,Greg Holland,3250000,3979625
2019,Yoshihisa Hirano,3000000,3673500
2019,Adam Jones,3000000,3673500
2019,Ketel Marte,2400000,2938800
2019,Merrill Kelly,2000000,2449000
2019,Andrew Chafin,1945000,2381652.5
2019,Archie Bradley,1830000,2240835
2019,T.J. McFarland,1400000,1714300
2019,Matt Andriese,920000,1126540
2019,John Ryan Murphy,900000,1102050
2019,Zack Godley,609400,746210.3
2019,Luke Weaver,581300,711801.85
2019,Silvino Bracho,574600,703597.7
2019,Matt Koch,567600,695026.2
2019,Carson Kelly,560000,685720
2019,Christian Walker,559800,685475.1
2019,Ildemaro Vargas,557000,682046.5
2019,Yoan López,556900,681924.05
2018,Zack Greinke,34000000,42387800
2018,Yasmany Tomás,13500000,16830450
2018,Paul Goldschmidt,11100000,13838370
2018,AJ Pollock,7750000,9661925
2018,Patrick Corbin,7500000,9350250
2018,Shelby Miller,4900000,6108830
2018,Taijuan Walker,4825000,6015327.5
2018,Jake Lamb,4275000,5329642.5
2018,Alex Avila,4000000,4986800
2018,Robbie Ray,3950000,4924465
2018,Jarrod Dyson,3750000,4675125
2018,Steven Souza Jr.,3550000,4425785
2018,Chris Owings,3400000,4238780
2018,David Peralta,3300000,4114110
2018,Yoshihisa Hirano,3000000,3740100
2018,Randall Delgado,2250000,2805075
2018,Jorge De La Rosa,2250000,2805075
2018,Jeff Mathis,2000000,2493400
2018,Daniel Descalso,2000000,2493400
2018,Brad Boxberger,1850000,2306395
2018,Fernando Salas,1500000,1870050
2018,Ketel Marte,1400000,1745380
2018,Nick Ahmed,1275000,1589542.5
2018,Andrew Chafin,1195000,1489806.5
2018,T.J. McFarland,850000,1059695
2018,Archie Bradley,581900,725454.73
2018,Zack Godley,579200,722088.64
2018,Deven Marrero,561500,700022.05
2018,John Ryan Murphy,558000,695658.6
2018,Chris Herrmann,314516,392107.0972
2017,Zack Greinke,34000000,43424800
2017,Yasmany Tomás,9500000,12133400
2017,Paul Goldschmidt,8850000,11303220
2017,AJ Pollock,6750000,8621100
2017,Shelby Miller,4700000,6002840
2017,Patrick Corbin,3950000,5044940
2017,Fernando Rodney,2750000,3512300
2017,Chris Owings,2300000,2937560
2017,Taijuan Walker,2250000,2873700
2017,Jorge De La Rosa,2250000,2873700
2017,Jeff Mathis,2000000,2554400
2017,Randall Delgado,1775000,2267030
2017,Chris Iannetta,1500000,1915800
2017,Daniel Descalso,1350000,1724220
2017,Tom Wilhelmsen,1250000,1596500
2017,Chris Herrmann,937500,1197375
2017,J.J. Hoover,900000,1149480
2017,Jake Lamb,573300,732218.76
2017,David Peralta,572200,730813.84
2017,Robbie Ray,570400,728514.88
2017,Nick Ahmed,566000,722895.2
2017,Andrew Chafin,559300,714337.96
2017,Brandon Drury,553900,707441.08
2017,Jake Barrett,548300,700288.76
2017,Archie Bradley,544100,694924.52
2017,Jeremy Hazelbaker,542500,692881
2017,Socrates Brito,539500,689049.4
2017,Steve Hathaway,538200,687389.04
2016,Zack Greinke,34000000,44349600
2016,Yasmany Tomás,7500000,9783000
2016,Aaron Hill,6500000,8478600
2016,Tyler Clippard,6100000,7956840
2016,Paul Goldschmidt,5850000,7630740
2016,Brad Ziegler,5500000,7174200
2016,Shelby Miller,4350000,5674140
2016,Welington Castillo,3700000,4826280
2016,AJ Pollock,3500000,4565400
2016,Daniel Hudson,2700000,3521880
2016,Jean Segura,2600000,3391440
2016,Patrick Corbin,2525000,3293610
2016,Rubby De La Rosa,2350000,3065340
2016,Josh Collmenter,1850000,2413140
2016,Rickie Weeks Jr.,1500000,1956600
2016,Randall Delgado,1275000,1663110
2016,Chris Owings,530500,691984.2
2016,David Peralta,529600,690810.24
2016,Nick Ahmed,521600,680375.04
2016,Robbie Ray,521000,679592.4
2016,Jake Lamb,520300,678679.32
2016,Andrew Chafin,519700,677896.68
2016,Chris Herrmann,515900,672939.96
2016,Phil Gosselin,513900,670331.16
2016,Silvino Bracho,509300,664330.92
2016,Brandon Drury,508900,663809.16
2016,Socrates Brito,508500,663287.4
2016,Jake Barrett,507500,661983
2016,Matt Reynolds,165983,216508.2252
2015,Aaron Hill,12000000,15849600
2015,Bronson Arroyo,9500000,12547600
2015,Cody Ross,9500000,12547600
2015,Mark Trumbo,6900000,9113520
2015,Trevor Cahill,6800000,8981440
2015,Yasmany Tomás,5500000,7264400
2015,Brad Ziegler,5000000,6604000
2015,Addison Reed,4875000,6438900
2015,Jeremy Hellickson,4275000,5646420
2015,Cliff Pennington,3275000,4325620
2015,Paul Goldschmidt,3100000,4094480
2015,Oliver Pérez,2500000,3302000
2015,David Hernandez,2000000,2641600
2015,Josh Collmenter,1450000,1915160
2015,Gerald Laird,1000000,1320800
2015,Jordan Pacheco,900000,1188720
2015,Daniel Hudson,800000,1056640
2015,Matt Reynolds,600000,792480
2015,Randall Delgado,526000,694740.8
2015,Patrick Corbin,524000,692099.2
2015,AJ Pollock,519500,686155.6
2015,Rubby De La Rosa,516000,681532.8
2015,Tuffy Gosewisch,514500,679551.6
2015,Ender Inciarte,513000,677570.4
2015,Chase Anderson,512500,676910
2015,Chris Owings,512500,676910
2015,Evan Marshall,512000,676249.6
2015,David Peralta,512000,676249.6
2015,Matt Stites,510500,674268.4
2015,Nick Ahmed,508500,671626.8
2015,Jake Lamb,508500,671626.8
2015,Oscar Hernández,507500,670306
2015,Archie Bradley,507500,670306
2015,Andrew Chafin,507500,670306
2014,Aaron Hill,11000000,14546400
2014,Martín Prado,11000000,14546400
2014,Brandon McCarthy,10250000,13554600
2014,Miguel Montero,10000000,13224000
2014,Bronson Arroyo,9500000,12562800
2014,Cody Ross,9500000,12562800
2014,Trevor Cahill,7900000,10446960
2014,J.J. Putz,7000000,9256800
2014,Gerardo Parra,4850000,6413640
2014,Mark Trumbo,4800000,6347520
2014,Brad Ziegler,4500000,5950800
2014,Eric Chavez,3500000,4628400
2014,Cliff Pennington,3250000,4297800
2014,Joe Thatcher,2375000,3140700
2014,David Hernandez,2125000,2810100
2014,Oliver Pérez,1750000,2314200
2014,Paul Goldschmidt,1100000,1454640
2014,Josh Collmenter,975000,1289340
2014,Daniel Hudson,700000,925680
2014,Ryan Rowland-Smith,575000,760380
2014,Matt Reynolds,550000,727320
2014,Addison Reed,538500,712112.4
2014,Wade Miley,523500,692276.4
2014,Patrick Corbin,515000,681036
2014,Will Harris,510000,674424
2014,Randall Delgado,510000,674424
2014,Tony Campana,509500,673762.8
2014,AJ Pollock,507000,670456.8
2014,Tuffy Gosewisch,502000,663844.8
2014,Heath Bell,500000,661200
2014,Chris Owings,500000,661200
2013,Heath Bell,10000000,13438000
2013,Miguel Montero,10000000,13438000
2013,Jason Kubel,7500000,10078500
2013,Martín Prado,7000000,9406600
2013,J.J. Putz,6500000,8734700
2013,Cody Ross,6000000,8062800
2013,Trevor Cahill,5700000,7659660
2013,Aaron Hill,5500000,7390900
2013,Brandon McCarthy,5250000,7054950
2013,Ian Kennedy,4265000,5731307
2013,Brad Ziegler,3150000,4232970
2013,Eric Chavez,3000000,4031400
2013,Gerardo Parra,2350000,3157930
2013,Willie Bloomquist,1900000,2553220
2013,Cliff Pennington,1750000,2351650
2013,David Hernandez,1375000,1847725
2013,Eric Hinske,1350000,1814130
2013,Tony Sipp,1275000,1713345
2013,Wil Nieves,800000,1075040
2013,Josh Wilson,650000,873470
2013,Daniel Hudson,518500,696760.3
2013,Matt Reynolds,505500,679290.9
2013,Josh Collmenter,504000,677275.2
2013,Wade Miley,500500,672571.9
2013,Paul Goldschmidt,500000,671900
2013,Patrick Corbin,494000,663837.2
2013,AJ Pollock,491000,659805.8
2013,Didi Gregorius,491000,659805.8
2013,Adam Eaton,491000,659805.8
2013,Alfredo Marte,490000,658462
2012,Stephen Drew,7750000,10567125
2012,Jason Kubel,7500000,10226250
2012,Chris Young,7200000,9817200
2012,Justin Upton,6958333,9487687.046
2012,Joe Saunders,6000000,8181000
2012,Miguel Montero,5900000,8044650
2012,Aaron Hill,5500000,7499250
2012,J.J. Putz,4500000,6135750
2012,Trevor Cahill,3700000,5044950
2012,Ryan Roberts,2012500,2744043.75
2012,Willie Bloomquist,1900000,2590650
2012,Craig Breslow,1795000,2447482.5
2012,Brad Ziegler,1795000,2447482.5
2012,Takashi Saito,1750000,2386125
2012,John McDonald,1500000,2045250
2012,Geoff Blum,1350000,1840725
2012,Henry Blanco,1200000,1636200
2012,Trevor Bauer,1183333,1613474.546
2012,Lyle Overbay,1000000,1363500
2012,Ian Kennedy,519500,708338.25
2012,Daniel Hudson,504000,687204
2012,Gerardo Parra,502000,684477
2012,David Hernandez,499000,680386.5
2012,Jonathan Albaladejo,490000,668115
2012,Joe Paterson,487500,664706.25
2012,Josh Collmenter,486000,662661
2012,Bryan Shaw,483000,658570.5
2012,Paul Goldschmidt,482000,657207
2012,Wade Miley,481000,655843.5
2012,David Winfree,480000,654480
2011,Kelly Johnson,5850000,8141445
2011,Joe Saunders,5500000,7654350
2011,Chris Young,5200000,7236840
2011,Stephen Drew,4650000,6471405
2011,Justin Upton,4458333,6204662.036
2011,J.J. Putz,4000000,5566800
2011,Zach Duke,3500000,4870950
2011,Miguel Montero,3200000,4453440
2011,Melvin Mora,2350000,3270495
2011,Armando Galarraga,2300000,3200910
2011,Aaron Heilman,2000000,2783400
2011,Xavier Nady,1750000,2435475
2011,Chris Snyder,1500000,2087550
2011,Geoff Blum,1350000,1878795
2011,Henry Blanco,1000000,1391700
2011,Russell Branyan,1000000,1391700
2011,Trevor Bauer,900000,1252530
2011,Willie Bloomquist,750000,1043775
2011,Juan Gutierrez,430500,599126.85
2011,Gerardo Parra,426000,592864.2
2011,David Hernandez,423500,589384.95
2011,Ryan Roberts,423500,589384.95
2011,Ian Kennedy,423000,588689.1
2011,Juan Miranda,420000,584514
2011,Daniel Hudson,419000,583122.3
2011,Barry Enright,418000,581730.6
2011,Sam Demel,417000,580338.9
2011,Kam Mickolio,417000,580338.9
2011,Joe Paterson,414000,576163.8
2010,Eric Byrnes,11266667,16175553.81
2010,Brandon Webb,8500000,12203450
2010,Dan Haren,8250000,11844525
2010,Chris Snyder,5250000,7537425
2010,Edwin Jackson,4600000,6604220
2010,Adam LaRoche,4500000,6460650
2010,Chad Qualls,4185000,6008404.5
2010,Chris Young,3450000,4953165
2010,Stephen Drew,3400000,4881380
2010,Conor Jackson,3100000,4450670
2010,Kelly Johnson,2350000,3373895
2010,Aaron Heilman,2150000,3086755
2010,Bob Howry,2000000,2871400
2010,Miguel Montero,2000000,2871400
2010,Mark Reynolds,833333,1196416.188
2010,Augie Ojeda,825000,1184452.5
2010,Blaine Boyer,725000,1040882.5
2010,Justin Upton,708333,1016953.688
2010,Rodrigo Lopez,650000,933205
2010,Juan Gutierrez,411000,590072.7
2010,Leo Rosales,409500,587919.15
2010,Tony Abreu,407000,584329.9
2010,Gerardo Parra,405500,582176.35
2010,Esmerling Vasquez,404500,580740.65
2010,Ian Kennedy,403000,578587.1
2010,Rusty Ryal,401000,575715.7
2010,Jordan Norberto,400000,574280
2009,Eric Byrnes,11666667,17024000.49
2009,Doug Davis,8750000,12768000
2009,Dan Haren,7500000,10944000
2009,Brandon Webb,6500000,9484800
2009,Jon Garland,6250000,9120000
2009,Chad Tracy,5083333,7417599.514
2009,Scott Schoeneweis,3600000,5253120
2009,Felipe Lopez,3500000,5107200
2009,Conor Jackson,3050000,4450560
2009,Chad Qualls,2535000,3699072
2009,Jon Rauch,2000000,2918400
2009,Chris Snyder,2000000,2918400
2009,Chris Young,1950000,2845440
2009,Stephen Drew,1500000,2188800
2009,Max Scherzer,1450000,2115840
2009,Tony Clark,800000,1167360
2009,Augie Ojeda,712500,1039680
2009,Ramon Pena,430000,627456
2009,Miguel Montero,425000,620160
2009,Mark Reynolds,422500,616512
2009,Doug Slaten,422500,616512
2009,Justin Upton,412000,601190.4
2009,Yusmeiro Petit,411500,600460.8
2009,Billy Buckner,403000,588057.6
2009,Juan Gutierrez,401000,585139.2
2009,Ryan Roberts,400000,583680
2009,César Valdez,400000,583680
2009,Kory Casto,400000,583680
2008,Randy Johnson,16000000,23264000
2008,Doug Davis,7750000,11268500
2008,Orlando Hudson,6250000,9087500
2008,Eric Byrnes,6000000,8724000
2008,Brandon Webb,5500000,7997000
2008,Dan Haren,4000000,5816000
2008,Chad Tracy,3750000,5452500
2008,Brandon Lyon,3125000,4543750
2008,Juan Cruz,1937500,2817125
2008,Chris Snyder,1850000,2689900
2008,Stephen Drew,1500000,2181000
2008,Chad Qualls,1312500,1908375
2008,Chris Burke,995000,1446730
2008,Augie Ojeda,550000,799700
2008,Conor Jackson,419500,609953
2008,Edgar Gonzalez,411000,597594
2008,Robby Hammock,409500,595413
2008,Brandon Medders,409500,595413
2008,Chris Young,406000,590324
2008,Micah Owings,402000,584508
2008,Doug Slaten,400500,582327
2008,Miguel Montero,400500,582327
2008,Mark Reynolds,396500,576511
2008,Yusmeiro Petit,394000,572876
2008,Tony Abreu,393000,571422
2008,Jeff Salazar,393000,571422
2008,Justin Upton,393000,571422
2008,Alex Romero,390000,567060
2007,Randy Johnson,10000000,15099000
2007,Livan Hernandez,7000000,10569300
2007,Doug Davis,5500000,8304450
2007,Eric Byrnes,4575000,6907792.5
2007,Brandon Webb,4500000,6794550
2007,Orlando Hudson,3900000,5888610
2007,Chad Tracy,2750000,4152225
2007,Jose Valverde,2000000,3019800
2007,Brandon Lyon,1500000,2264850
2007,Juan Cruz,1437500,2170481.25
2007,Tony Clark,1034000,1561236.6
2007,Jeff DaVanon,900000,1358910
2007,Chris Snyder,400000,603960
2007,Augie Ojeda,395000,596410.5
2007,Brandon Medders,390500,589615.95
2007,Conor Jackson,390000,588861
2007,Robby Hammock,389500,588106.05
2007,Scott Hairston,389000,587351.1
2007,Edgar Gonzalez,387500,585086.25
2007,Dana Eveland,382000,576781.8
2007,Ramon Pena,381000,575271.9
2007,Carlos Quentin,381000,575271.9
2007,Chris Young,380000,573762
2007,Miguel Montero,380000,573762
2007,Alberto Callaspo,380000,573762
2007,Doug Slaten,380000,573762
2007,Dave Krynzel,380000,573762
2007,Mike Schultz,380000,573762
2007,Dustin Nippert,380000,573762
2007,Yusmeiro Petit,380000,573762
2007,Jailen Peguero,380000,573762
2006,Luis Gonzalez,11500000,17858350
2006,Shawn Green,10213898,15861162.2
2006,Russ Ortiz,7875000,12229087.5
2006,Miguel Batista,4750000,7376275
2006,Orlando Hernandez,4625000,7182162.5
2006,Brandon Webb,2500000,3882250
2006,Orlando Hudson,2300000,3571670
2006,Eric Byrnes,2250000,3494025
2006,Johnny Estrada,2000000,3105800
2006,Luis Vizcaino,1775000,2756397.5
2006,Craig Counsell,1750000,2717575
2006,Claudio Vargas,1275000,1979947.5
2006,Tony Clark,1034000,1605698.6
2006,Luis Ayala,900000,1397610
2006,Brandon Lyon,830000,1288907
2006,Jason Grimsley,825000,1281142.5
2006,Terry Mulholland,800000,1242320
2006,Damion Easley,700000,1087030
2006,Juan Cruz,575000,892917.5
2006,Jeff DaVanon,525000,815272.5
2006,Chad Tracy,381000,591654.9
2006,Jose Valverde,359000,557491.1
2006,Greg Aquino,342000,531091.8
2006,Chris Snyder,341000,529538.9
2006,Kelly Johnson,336000,521774.4
2006,Andy Green,330000,512457
2006,Conor Jackson,328000,509351.2
2006,Brandon Medders,327000,507798.3
2006,Juan Gutierrez,327000,507798.3
2005,Javier Vazquez,11000000,17633000
2005,Luis Gonzalez,10000000,16030000
2005,Troy Glaus,8250000,13224750
2005,Shawn Green,7833333,12556832.8
2005,Russ Ortiz,7375000,11822125
2005,Jose Cruz,3500000,5610500
2005,Kerry Ligtenberg,2500000,4007500
2005,Shawn Estes,2500000,4007500
2005,Royce Clayton,1350000,2164050
2005,Craig Counsell,1350000,2164050
2005,Mike Koplove,825000,1322475
2005,Tony Clark,750000,1202250
2005,Brandon Webb,715000,1146145
2005,Randy Choate,550000,881650
2005,Alex Cintron,360000,577080
2005,Jose Valverde,335000,537005
2005,Chad Tracy,335000,537005
2005,Brandon Lyon,330000,528990
2005,Greg Aquino,325000,520975
2005,Brian Bruney,322500,516967.5
2005,Luis Terrero,321000,514563
2005,Chris Snyder,318000,509754
2005,Koyie Hill,318000,509754
2005,Mike Gosling,317500,508952.5
2005,Brad Halsey,317500,508952.5
2005,Juan Gutierrez,316000,506548
2004,Randy Johnson,16000000,26518400
2004,Richie Sexson,8725000,14460815
2004,Luis Gonzalez,8250000,13673550
2004,Steve Finley,7000000,11601800
2004,Matt Mantei,7000000,11601800
2004,Danny Bautista,4000000,6629600
2004,Elmer Dessens,4000000,6629600
2004,Greg Colbrunn,2750000,4557850
2004,Shea Hillenbrand,2600000,4309240
2004,Carlos Baerga,1000000,1657400
2004,Roberto Alomar,1000000,1657400
2004,Shane Reynolds,1000000,1657400
2004,Jesse Orosco,800000,1325920
2004,Brent Mayne,800000,1325920
2004,Bobby Estalella,550000,911570
2004,Steve Sparks,500000,828700
2004,Donnie Sadler,400000,662960
2004,Casey Fossum,345000,571803
2004,Alex Cintron,335000,555229
2004,Brandon Webb,335000,555229
2004,Mike Koplove,330000,546942
2004,Randy Choate,325750,539898.05
2004,Oscar Villarreal,325000,538655
2004,Stephen Randolph,322500,534511.5
2004,Jose Valverde,320000,530368
2004,Matt Kata,315000,522081
2004,Shane Nance,307500,509650.5
2004,Casey Daigle,300000,497220
2003,Randy Johnson,14500000,24676100
2003,Matt Williams,10000000,17018000
2003,Curt Schilling,10000000,17018000
2003,Matt Mantei,6750000,11487150
2003,Tony Womack,6000000,10210800
2003,Steve Finley,4250000,7232650
2003,Luis Gonzalez,4000000,6807200
2003,Miguel Batista,3375000,5743575
2003,Byung-Hyun Kim,3250000,5530850
2003,Elmer Dessens,3000000,5105400
2003,Danny Bautista,3000000,5105400
2003,Craig Counsell,2300000,3914140
2003,Mike Myers,1750000,2978150
2003,Quinton McCracken,1750000,2978150
2003,Mark Grace,1750000,2978150
2003,David Dellucci,900000,1531620
2003,Armando Reynoso,650000,1106170
2003,Carlos Baerga,500000,850900
2003,Junior Spivey,432000,735177.6
2003,Lyle Overbay,300000,510540
2003,Rod Barajas,300000,510540
2003,Stephen Randolph,300000,510540
2003,Brandon Webb,300000,510540
2003,Mike Koplove,300000,510540
2003,Bret Prinz,300000,510540
2003,Chad Moeller,300000,510540
2003,Oscar Villarreal,300000,510540
2002,Randy Johnson,13350000,23234340
2002,Curt Schilling,10000000,17404000
2002,Matt Williams,9500000,16533800
2002,Todd Stottlemyre,8000000,13923200
2002,Jay Bell,8000000,13923200
2002,Steve Finley,5375000,9354650
2002,Brian Anderson,5375000,9354650
2002,Tony Womack,4500000,7831800
2002,Matt Mantei,4333333,7541732.753
2002,Luis Gonzalez,4333333,7541732.753
2002,Armando Reynoso,4125000,7179150
2002,Mark Grace,3000000,5221200
2002,Rick Helling,3000000,5221200
2002,Greg Swindell,2833333,4931132.753
2002,Damian Miller,2650000,4612060
2002,Mike Fetters,2275000,3959410
2002,Miguel Batista,2125000,3698350
2002,Danny Bautista,2000000,3480800
2002,Greg Colbrunn,1800000,3132720
2002,Mike Myers,1533333,2668612.753
2002,Craig Counsell,1516667,2639607.247
2002,David Dellucci,775000,1348810
2002,Byung-Hyun Kim,762500,1327055
2002,Mike Morgan,750000,1305300
2002,Jose Guillen,500000,870200
2002,Quinton McCracken,500000,870200
2002,Erubiel Durazo,375000,652650
2002,Eddie Oropesa,350000,609140
2002,Bret Prinz,235000,408994
2002,Junior Spivey,215000,374186
2002,Rod Barajas,215000,374186
2002,Chad Moeller,215000,374186
2001,Randy Johnson,13350000,23602800
2001,Matt Williams,9000000,15912000
2001,Jay Bell,8050000,14232400
2001,Todd Stottlemyre,8000000,14144000
2001,Curt Schilling,6500000,11492000
2001,Steve Finley,5375000,9503000
2001,Luis Gonzalez,4833333,8545332.744
2001,Brian Anderson,4125000,7293000
2001,Tony Womack,4000000,7072000
2001,Matt Mantei,3583333,6335332.744
2001,Mark Grace,3000000,5304000
2001,Greg Swindell,2533333,4478932.744
2001,Armando Reynoso,2000000,3536000
2001,Dennis Springer,1700000,3005600
2001,Greg Colbrunn,1600000,2828800
2001,Reggie Sanders,1500000,2652000
2001,Damian Miller,1250000,2210000
2001,Byung-Hyun Kim,762500,1348100
2001,Mike Morgan,700000,1237600
2001,Danny Bautista,675000,1193400
2001,Bobby Witt,500000,884000
2001,Craig Counsell,425000,751400
2001,Midre Cummings,425000,751400
2001,Miguel Batista,400000,707200
2001,David Dellucci,325000,574600
2001,Erubiel Durazo,260000,459680
2001,Rod Barajas,208000,367744
2000,Randy Johnson,13350000,24270300
2000,Matt Williams,8500000,15453000
2000,Todd Stottlemyre,8000000,14544000
2000,Jay Bell,7040000,12798720
2000,Omar Daal,5625000,10226250
2000,Steve Finley,5375000,9771750
2000,Bernard Gilkey,5250000,9544500
2000,Armando Reynoso,3375000,6135750
2000,Luis Gonzalez,3333333,6059999.394
2000,Matt Mantei,2831000,5146758
2000,Tony Womack,2500000,4545000
2000,Brian Anderson,2250000,4090500
2000,Darren Holmes,1916667,3484500.606
2000,Greg Swindell,1833333,3332999.394
2000,Dan Plesac,1500000,2727000
2000,Lenny Harris,1100000,1999800
2000,Greg Colbrunn,1005000,1827090
2000,Kelly Stinnett,1000000,1818000
2000,Byung-Hyun Kim,762500,1386225
2000,Andy Fox,750000,1363500
2000,Travis Lee,500000,909000
2000,David Dellucci,312500,568125
2000,Damian Miller,300000,545400
2000,Erubiel Durazo,260000,472680
2000,Jon Coutlangus,200000,363600
1999,Brian Anderson,1800000,3382920
1999,Rod Barajas,200000,375880
1999,Tony Batista,375000,704775
1999,Jay Bell,6100000,11464340
1999,Andy Benes,6000000,11276400
1999,Dan Carlson,200000,375880
1999,Bobby Chouinard,212500,399372.5
1999,Greg Colbrunn,900000,1691460
1999,Omar Daal,2625000,4933425
1999,David Dellucci,260000,488644
1999,Edwin Diaz,200000,375880
1999,Erubiel Durazo,200000,375880
1999,Steve Finley,5375000,10101775
1999,Andy Fox,350000,657790
1999,John Frascatore,345000,648393
1999,Hanley Frias,20900,39279.46
1999,Bernard Gilkey,5250000,9866850
1999,Luis Gonzalez,2050000,3852770
1999,Lenny Harris,1125000,2114325
1999,Darren Holmes,1466666,2756452.08
1999,Randy Johnson,9700000,18230180
1999,Byung-Hyun Kim,762500,1433042.5
1999,Danny Klassen,200000,375880
1999,Travis Lee,400000,751760
1999,Matt Mantei,735000,1381359
1999,Damian Miller,240000,451056
1999,Vladimir Nunez,202000,379638.8
1999,Gregg Olson,850000,1597490
1999,Vicente Padilla,200000,375880
1999,Dan Plesac,1500000,2819100
1999,Dante Powell,200000,375880
1999,Armando Reynoso,1625000,3054025
1999,Rob Ryan,200000,375880
1999,Erik Sabel,200000,375880
1999,Kelly Stinnett,750000,1409550
1999,Todd Stottlemyre,8000000,15035200
1999,Greg Swindell,1333333,2505866.04
1999,Amaury Telemaco,325000,610805
1999,Ed Vosberg,675000,1268595
1999,Turner Ward,850000,1597490
1999,Matt Williams,8100000,15223140
1999,Tony Womack,1650000,3101010
1999,Ernie Young,450000,845730
1998,Joel Adamson,210000,403305
1998,Brian Anderson,775000,1488387.5
1998,Willie Banks,342500,657771.25
1998,Tony Batista,210000,403305
1998,Jay Bell,5000000,9602500
1998,Andy Benes,6450000,12387225
1998,Yamil Benitez,195000,374497.5
1998,Willie Blair,3250000,6241625
1998,Brent Brede,190000,364895
1998,Scott Brow,225000,432112.5
1998,Bobby Chouinard,175000,336087.5
1998,Bryan Corey,170000,326485
1998,Omar Daal,575000,1104287.5
1998,David Dellucci,177500,340888.75
1998,Edwin Diaz,170000,326485
1998,Alan Embree,575000,1104287.5
1998,Jorge Fabregas,1050000,2016525
1998,Ben Ford,170000,326485
1998,Andy Fox,240000,460920
1998,Hanley Frias,171000,328405.5
1998,Karim Garcia,187500,360093.75
1998,Bernard Gilkey,5050000,9698525
1998,Chris Jones,450000,864225
1998,Danny Klassen,170000,326485
1998,Travis Lee,170000,326485
1998,Barry Manuel,285000,547342.5
1998,Hensley Meulens,170000,326485
1998,Chris Michalak,170000,326485
1998,Damian Miller,177500,340888.75
1998,Vladimir Nunez,170000,326485
1998,Gregg Olson,650000,1248325
1998,Ricky Pickett,170000,326485
1998,Mike Robertson,170000,326485
1998,Felix Rodriguez,210000,403305
1998,Aaron Small,197500,379298.75
1998,Clint Sodowsky,214000,410987
1998,Russ Springer,700000,1344350
1998,Andy Stankiewicz,350000,672175
1998,Kelly Stinnett,275000,528137.5
1998,Jeff Suppan,214000,410987
1998,Amaury Telemaco,173000,332246.5
1998,Efrain Valdez,170000,326485
1998,Neil Weber,170000,326485
1998,Devon White,3510000,6740955
1998,Matt Williams,4800000,9218400
1998,Bob Wolcott,170000,326485